,Proliferation,,,
TCGA-C8-A27A,0.160497267,,,
TCGA-AR-A0TW,-0.021204018,,,
TCGA-A1-A0SH,-0.404387707,,,
TCGA-A2-A0EW,-0.45308645,,,
TCGA-GM-A2DN,-0.263781069,,,
TCGA-BH-A1FL,0.039318138,,,
TCGA-C8-A1HO,0.033086566,,,
TCGA-OL-A5RX,-0.50177851,,,
TCGA-A8-A09T,-0.34782642,,,
TCGA-AR-A24Z,0.147429001,,,
TCGA-A7-A26I,-0.444670877,,,
TCGA-AC-A5XU,-0.176848676,,,
TCGA-BH-A1FN,-0.049287233,,,
TCGA-C8-A12K,0.09063303,,,
TCGA-D8-A1XW,-0.168188295,,,
TCGA-E2-A14Z,-0.214435869,,,
TCGA-AN-A0AT,0.130082845,,,
TCGA-3C-AALI,-0.189082038,,,
TCGA-AC-A3HN,-0.39084323,,,
TCGA-AR-A1AW,-0.04822905,,,
TCGA-B6-A3ZX,-0.129327556,,,
TCGA-LL-A740,-0.311677488,,,
TCGA-E9-A1NC,-0.313134441,,,
TCGA-OL-A5D6,-0.473510914,,,
TCGA-C8-A1HG,-0.233389616,,,
TCGA-BH-A0B0,-0.459844768,,,
TCGA-E2-A15M,0.140157031,,,
TCGA-AO-A0J7,0.056012714,,,
TCGA-AR-A252,-0.180467447,,,
TCGA-E2-A15I,-0.386670922,,,
TCGA-AR-A0TX,-0.169494468,,,
TCGA-A7-A3IZ,-0.013588924,,,
TCGA-B6-A0X4,-0.441968359,,,
TCGA-E9-A1N5,-0.338254695,,,
TCGA-AR-A2LM,-0.361024223,,,
TCGA-AR-A1AU,-0.255117411,,,
TCGA-E2-A156,-0.367770342,,,
TCGA-B6-A0WT,-0.33418768,,,
TCGA-D8-A1J9,-0.006890554,,,
TCGA-E2-A1B0,0.216822023,,,
TCGA-AC-A2QH,0.005120687,,,
TCGA-AR-A5QQ,-0.051466705,,,
TCGA-BH-A28O,-0.496983081,,,
TCGA-D8-A27N,-0.10776922,,,
TCGA-B6-A0I9,0.101711742,,,
TCGA-A2-A04R,0.114614535,,,
TCGA-C8-A27B,0.184253586,,,
TCGA-BH-A0BJ,-0.381787119,,,
TCGA-AR-A1AS,-0.067655379,,,
TCGA-E9-A22B,-0.174617513,,,
TCGA-A1-A0SK,0.133093284,,,
TCGA-AR-A24M,-0.04846939,,,
TCGA-BH-A201,-0.161306493,,,
TCGA-OL-A66H,-0.316226229,,,
TCGA-D8-A1XO,-0.233817742,,,
TCGA-AR-A1AR,0.179611158,,,
TCGA-AO-A0J2,0.098398896,,,
TCGA-E2-A1IL,-0.464459445,,,
TCGA-C8-A135,-0.086608265,,,
TCGA-A2-A0CZ,-0.540305904,,,
TCGA-BH-A1EX,-0.145926214,,,
TCGA-D8-A1X5,-0.254190855,,,
TCGA-D8-A4Z1,-0.534340097,,,
TCGA-D8-A1JG,0.112847395,,,
TCGA-OL-A5DA,-0.400109976,,,
TCGA-EW-A1P7,-0.399007873,,,
TCGA-A2-A259,-0.367053829,,,
TCGA-A7-A4SE,-0.193826373,,,
TCGA-BH-A2L8,-0.373441903,,,
TCGA-A8-A06U,-0.02458781,,,
TCGA-BH-A0BW,-0.011336297,,,
TCGA-BH-A0EI,-0.29150285,,,
TCGA-D8-A1JE,0.004529465,,,
TCGA-A8-A08J,-0.046488708,,,
TCGA-AO-A03L,0.091268412,,,
TCGA-D8-A1Y0,0.113468631,,,
TCGA-AR-A1AY,0.141046406,,,
TCGA-A8-A09N,-0.003093549,,,
TCGA-E9-A1N3,-0.047777369,,,
TCGA-A1-A0SE,-0.149381195,,,
TCGA-S3-AA0Z,0.098010393,,,
TCGA-E2-A109,0.092929928,,,
TCGA-A2-A0T1,-0.216112752,,,
TCGA-D8-A1X7,0.042692912,,,
TCGA-AN-A0XO,-0.099573459,,,
TCGA-A2-A0SU,-0.252813157,,,
TCGA-AN-A0XL,-0.271913089,,,
TCGA-B6-A0WS,-0.223784096,,,
TCGA-A2-A0YT,0.147413363,,,
TCGA-A8-A08B,-0.264736729,,,
TCGA-A8-A07F,0.012007269,,,
TCGA-A7-A3J0,-0.164031344,,,
TCGA-AR-A254,0.049882437,,,
TCGA-B6-A0RE,0.056289215,,,
TCGA-AQ-A04L,-0.188622723,,,
TCGA-A7-A2KD,0.052336405,,,
TCGA-AN-A0FJ,-0.070381703,,,
TCGA-BH-A0DX,-0.261879405,,,
TCGA-E9-A3Q9,-0.448821115,,,
TCGA-E9-A228,0.153728171,,,
TCGA-A8-A07I,-0.017348763,,,
TCGA-A8-A086,-0.093202513,,,
TCGA-AC-A3W6,-0.395734735,,,
TCGA-BH-A203,0.073268073,,,
TCGA-D8-A1JJ,0.114416956,,,
TCGA-XX-A89A,-0.449180489,,,
TCGA-B6-A0RT,0.021269074,,,
TCGA-AO-A0J3,0.068980852,,,
TCGA-OL-A66K,-0.422920134,,,
TCGA-BH-A202,0.149964571,,,
TCGA-A7-A4SA,-0.385058282,,,
TCGA-E2-A14S,-0.006747226,,,
TCGA-E2-A1L9,-0.202799487,,,
TCGA-A2-A0EO,-0.397517658,,,
TCGA-AC-A2B8,-0.275912413,,,
TCGA-A8-A085,0.101855204,,,
TCGA-A2-A4S3,-0.094819561,,,
TCGA-C8-A12U,0.048134718,,,
TCGA-D8-A1JA,0.009233556,,,
TCGA-BH-A0DP,-0.464923966,,,
TCGA-A1-A0SO,0.168223685,,,
TCGA-E9-A1ND,-0.213293848,,,
TCGA-E9-A22A,-0.012247001,,,
TCGA-AC-A2FF,-0.381024696,,,
TCGA-BH-A0DO,-0.419567205,,,
TCGA-D8-A1XT,0.120557736,,,
TCGA-E2-A1BD,-0.119928849,,,
TCGA-AO-A03P,0.108032728,,,
TCGA-E2-A15A,0.04632179,,,
TCGA-A2-A04X,0.005951322,,,
TCGA-B6-A0IC,0.000193857,,,
TCGA-C8-A12Z,-0.079849627,,,
TCGA-AR-A1AJ,0.018711532,,,
TCGA-A7-A6VV,0.029123467,,,
TCGA-A7-A0DB,-0.416768228,,,
TCGA-AC-A6NO,-0.245811611,,,
TCGA-EW-A2FW,0.11839295,,,
TCGA-E9-A1RH,0.139636283,,,
TCGA-A8-A09A,-0.277505116,,,
TCGA-A8-A091,-0.108217249,,,
TCGA-AC-A23H,0.126539488,,,
TCGA-A7-A13H,-0.483451028,,,
TCGA-B6-A400,0.014512757,,,
TCGA-D8-A1Y2,-0.250986164,,,
TCGA-LL-A440,-0.455431616,,,
TCGA-D8-A141,-0.401235567,,,
TCGA-E9-A1RB,0.170087483,,,
TCGA-EW-A1PC,0.155505244,,,
TCGA-A8-A081,0.075122306,,,
TCGA-E2-A1II,-0.016299186,,,
TCGA-A7-A3RF,-0.328626107,,,
TCGA-AO-A124,0.117291553,,,
TCGA-BH-A1FJ,0.149221941,,,
TCGA-AO-A03V,-0.312374843,,,
TCGA-B6-A0X1,-0.000675297,,,
TCGA-BH-A0WA,0.07391171,,,
TCGA-AR-A24S,0.021916134,,,
TCGA-A8-A08X,-0.262023225,,,
TCGA-A8-A07P,-0.167887975,,,
TCGA-E9-A5UP,-0.389271081,,,
TCGA-PE-A5DC,-0.173949267,,,
TCGA-C8-A12M,-0.177570865,,,
TCGA-BH-A0HF,-0.399989398,,,
TCGA-AR-A1AK,-0.375441889,,,
TCGA-A2-A0SX,0.045142657,,,
TCGA-BH-A0HB,-0.148095128,,,
TCGA-3C-AAAU,-0.063223081,,,
TCGA-A2-A0YL,-0.234812495,,,
TCGA-AN-A0FY,0.160829051,,,
TCGA-AR-A0TZ,0.189039698,,,
TCGA-A7-A0CD,0.014127801,,,
TCGA-AN-A041,-0.050535093,,,
TCGA-A2-A3KC,-0.337695809,,,
TCGA-BH-A0BT,-0.33722276,,,
TCGA-A8-A07G,-0.382787775,,,
TCGA-A8-A0A4,-0.325321198,,,
TCGA-BH-A18K,-0.207931709,,,
TCGA-AR-A24R,0.081311883,,,
TCGA-BH-A5IZ,0.014320871,,,
TCGA-D8-A1JL,0.073085941,,,
TCGA-B6-A0RV,-0.272583958,,,
TCGA-EW-A1IZ,-0.253518448,,,
TCGA-A1-A0SG,-0.380777487,,,
TCGA-AR-A0TR,-0.157392918,,,
TCGA-E2-A1LK,-0.225158256,,,
TCGA-E2-A1L7,0.028929392,,,
TCGA-BH-A0B2,-0.49934541,,,
TCGA-A2-A1G4,0.144833859,,,
TCGA-AN-A0AL,-0.013962353,,,
TCGA-BH-A18I,-0.041205831,,,
TCGA-AN-A046,-0.294443694,,,
TCGA-OL-A5RV,-0.457613136,,,
TCGA-A8-A092,0.132047517,,,
TCGA-LQ-A4E4,-0.23924748,,,
TCGA-A8-A090,-0.050818322,,,
TCGA-A2-A04W,-0.358851414,,,
TCGA-3C-AALK,-0.348553938,,,
TCGA-AC-A3YI,-0.498655317,,,
TCGA-D8-A1JN,-0.422657568,,,
TCGA-A8-A06X,-0.089165923,,,
TCGA-EW-A1PF,-0.386988526,,,
TCGA-BH-A1F0,0.066635754,,,
TCGA-AC-A2QI,-0.444159881,,,
TCGA-BH-A28Q,-0.234123194,,,
TCGA-E2-A1BC,-0.507735516,,,
TCGA-E9-A1R5,-0.229087862,,,
TCGA-BH-A0BG,0.037102528,,,
TCGA-E9-A1R6,-0.102131376,,,
TCGA-BH-A1EO,-0.344350353,,,
TCGA-E2-A15P,-0.307585785,,,
TCGA-AC-A3BB,-0.467235241,,,
TCGA-C8-A12Q,-0.050279123,,,
TCGA-BH-AB28,-0.338898676,,,
TCGA-A8-A07S,0.014256335,,,
TCGA-BH-A0DD,0.13991854,,,
TCGA-E9-A22D,0.112925637,,,
TCGA-BH-A0AU,-0.207614019,,,
TCGA-E9-A247,0.034077553,,,
TCGA-A2-A0T7,-0.164561755,,,
TCGA-AO-A0J8,-0.26465541,,,
TCGA-PL-A8LZ,-0.065271921,,,
TCGA-BH-A209,0.125718787,,,
TCGA-BH-A0EB,-0.366503008,,,
TCGA-EW-A1P1,-0.431895447,,,
TCGA-D8-A1XK,0.188660036,,,
TCGA-AR-A24L,-0.002876265,,,
TCGA-AC-A8OR,-0.420166975,,,
TCGA-B6-A40C,-0.051282965,,,
TCGA-A8-A08T,-0.292694906,,,
TCGA-BH-A18R,0.125801682,,,
TCGA-BH-A1F5,-0.141403618,,,
TCGA-E2-A1AZ,-0.133666912,,,
TCGA-5L-AAT1,-0.566137189,,,
TCGA-BH-A0DZ,-0.324987744,,,
TCGA-OK-A5Q2,-0.296449308,,,
TCGA-A8-A093,-0.223688582,,,
TCGA-A2-A0CS,-0.401667091,,,
TCGA-E9-A295,-0.430161069,,,
TCGA-A8-A09X,-0.01102216,,,
TCGA-OL-A5RU,-0.495686815,,,
TCGA-AO-A0JI,-0.151781901,,,
TCGA-A2-A0T2,-0.312657373,,,
TCGA-AN-A0XS,-0.355898289,,,
TCGA-B6-A1KC,-0.006745768,,,
TCGA-E9-A1R0,-0.212604572,,,
TCGA-A8-A09Z,-0.182610376,,,
TCGA-C8-A1HM,0.101356595,,,
TCGA-A2-A1G6,-0.4104296,,,
TCGA-A8-A0A9,0.016172348,,,
TCGA-A7-A6VY,0.001329273,,,
TCGA-A2-A0YE,0.054760172,,,
TCGA-E2-A14X,0.127937965,,,
TCGA-OL-A5D7,-0.004318309,,,
TCGA-BH-A0AW,-0.335730234,,,
TCGA-BH-A0W4,-0.217138127,,,
TCGA-XX-A899,-0.408139258,,,
TCGA-E9-A1RA,-0.368148963,,,
TCGA-E9-A1NI,-0.299935235,,,
TCGA-BH-A0EA,-0.540709878,,,
TCGA-LL-A5YP,-0.110132802,,,
TCGA-BH-A0DL,0.07052576,,,
TCGA-AC-A7VB,0.04204006,,,
TCGA-GM-A3NW,-0.340960685,,,
TCGA-A7-A26G,0.01444445,,,
TCGA-B6-A0I8,-0.307106521,,,
TCGA-C8-A12W,0.032146577,,,
TCGA-D8-A1XS,0.124808029,,,
TCGA-B6-A0RQ,-0.401982569,,,
TCGA-BH-A1FB,-0.384286583,,,
TCGA-AR-A2LN,-0.547014341,,,
TCGA-B6-A0RM,-0.062154591,,,
TCGA-AC-A4ZE,-0.189143835,,,
TCGA-D8-A142,0.023291562,,,
TCGA-A2-A4S0,-0.459651813,,,
TCGA-AO-A12H,-0.263050483,,,
TCGA-C8-A1HE,-0.109565741,,,
TCGA-BH-A1ET,-0.245896216,,,
TCGA-A8-A094,-0.216655503,,,
TCGA-AR-A2LO,-0.387140265,,,
TCGA-A2-A0T0,0.065179781,,,
TCGA-A2-A1FZ,-0.37896845,,,
TCGA-D8-A1JI,-0.33660661,,,
TCGA-E2-A15F,-0.175016952,,,
TCGA-A2-A0D3,-0.352245618,,,
TCGA-A2-A0YC,-0.104967883,,,
TCGA-BH-A0B9,0.119125301,,,
TCGA-BH-A0H5,-0.414288053,,,
TCGA-E2-A2P6,-0.226215793,,,
TCGA-A2-A0ST,-0.145832808,,,
TCGA-D8-A73W,-0.423577722,,,
TCGA-E9-A1NE,0.010355817,,,
TCGA-C8-A12P,-0.015235333,,,
TCGA-C8-A134,0.189275204,,,
TCGA-E2-A1LI,0.159340319,,,
TCGA-A1-A0SN,-0.019040263,,,
TCGA-AC-A62Y,-0.334843396,,,
TCGA-AO-A0JJ,-0.299165206,,,
TCGA-BH-A1FD,0.148035463,,,
TCGA-AN-A0FL,-0.205591131,,,
TCGA-D8-A1JF,-0.05845589,,,
TCGA-A8-A08S,-0.052153184,,,
TCGA-C8-A274,-0.01544488,,,
TCGA-D8-A3Z6,-0.407587637,,,
TCGA-AO-A03O,0.088524563,,,
TCGA-C8-A8HQ,-0.087358472,,,
TCGA-E2-A155,0.118668351,,,
TCGA-AC-A5EH,-0.245815655,,,
TCGA-S3-AA17,-0.2780964,,,
TCGA-GM-A3XL,0.064806858,,,
TCGA-AO-A12A,-0.352674554,,,
TCGA-D8-A1JU,-0.45680178,,,
TCGA-BH-A0HO,-0.201249969,,,
TCGA-A8-A0AB,0.138952586,,,
TCGA-AR-A0TQ,0.149607254,,,
TCGA-B6-A0RG,-0.260373866,,,
TCGA-B6-A0WW,-0.265275878,,,
TCGA-BH-A0GY,-0.174195729,,,
TCGA-AR-A24H,0.204359244,,,
TCGA-E2-A14R,0.03572827,,,
TCGA-AO-A0J5,-0.126404577,,,
TCGA-A2-A0D1,-0.082012209,,,
TCGA-B6-A0RN,-0.447219366,,,
TCGA-AC-A6IX,-0.448004925,,,
TCGA-AC-A3QQ,-0.435486326,,,
TCGA-BH-A0E9,-0.40663566,,,
TCGA-LD-A7W5,-0.329816473,,,
TCGA-AR-A24V,-0.183885358,,,
TCGA-A8-A08C,-0.218744413,,,
TCGA-AO-A1KT,-0.042811015,,,
TCGA-LL-A73Y,-0.321760047,,,
TCGA-B6-A0RH,-0.177591276,,,
TCGA-A7-A0DC,-0.193031335,,,
TCGA-A8-A082,-0.013225333,,,
TCGA-EW-A1J5,-0.011382313,,,
TCGA-BH-A0BC,-0.155460572,,,
TCGA-BH-A0HX,-0.223762371,,,
TCGA-BH-A0HQ,-0.474771847,,,
TCGA-A8-A08O,-0.246429805,,,
TCGA-A7-A5ZX,-0.481890113,,,
TCGA-A8-A08G,-0.050177328,,,
TCGA-E9-A1N8,0.035963739,,,
TCGA-OL-A6VO,0.083309294,,,
TCGA-A8-A07Z,-0.218560339,,,
TCGA-BH-A18T,0.176774496,,,
TCGA-A1-A0SI,0.047946746,,,
TCGA-BH-A42T,-0.023864651,,,
TCGA-AR-A0U2,0.118306491,,,
TCGA-A2-A0SY,-0.299999819,,,
TCGA-E9-A1N4,0.051629795,,,
TCGA-AC-A6IV,-0.407370057,,,
TCGA-D8-A3Z5,-0.448987108,,,
TCGA-BH-A1F8,0.052677252,,,
TCGA-AN-A0FF,-0.080234424,,,
TCGA-AR-A0TU,0.115654609,,,
TCGA-A8-A08L,0.041546427,,,
TCGA-A2-A1FX,0.10339122,,,
TCGA-A8-A06N,0.039833799,,,
TCGA-A2-A0EN,-0.450527979,,,
TCGA-MS-A51U,-0.53037953,,,
TCGA-OL-A5D8,-0.287187538,,,
TCGA-EW-A1P0,-0.159282205,,,
TCGA-AO-A0JF,-0.447340378,,,
TCGA-BH-A0BF,-0.265134539,,,
TCGA-E2-A14Q,-0.22853285,,,
TCGA-PL-A8LV,-0.11798715,,,
TCGA-BH-A1F6,-0.101263049,,,
TCGA-AN-A03X,-0.430435769,,,
TCGA-E2-A152,-0.165518443,,,
TCGA-A2-A0D0,0.110234923,,,
TCGA-AR-A24P,0.010093805,,,
TCGA-A8-A09G,0.07125969,,,
TCGA-C8-A1HN,0.170174629,,,
TCGA-AN-A0AR,-0.050449016,,,
TCGA-BH-A0DE,-0.447652022,,,
TCGA-A8-A075,0.001652878,,,
TCGA-A2-A4RW,-0.469542525,,,
TCGA-A8-A076,0.03632296,,,
TCGA-A1-A0SM,-0.141028051,,,
TCGA-B6-A408,-0.410182181,,,
TCGA-AR-A5QM,-0.434092599,,,
TCGA-BH-A0E1,-0.010284709,,,
TCGA-A2-A0ES,-0.453708889,,,
TCGA-B6-A0RU,0.092804337,,,
TCGA-E9-A249,0.097436345,,,
TCGA-D8-A1XZ,0.09264247,,,
TCGA-A2-A0CX,-0.036253092,,,
TCGA-D8-A27W,0.093187413,,,
TCGA-A2-A0YI,-0.4107773,,,
TCGA-A1-A0SB,-0.25509408,,,
TCGA-A2-A3KD,-0.318177313,,,
TCGA-B6-A1KI,-0.346092873,,,
TCGA-BH-A0DH,-0.242563596,,,
TCGA-S3-A6ZG,-0.000719983,,,
TCGA-AO-A0J6,0.083931236,,,
TCGA-E9-A1RC,0.07558285,,,
TCGA-AC-A3W5,-0.363685444,,,
TCGA-A2-A0ER,0.107748667,,,
TCGA-EW-A1PA,-0.18747769,,,
TCGA-A8-A07W,0.127797525,,,
TCGA-AR-A24X,-0.234450976,,,
TCGA-C8-A137,-0.011942303,,,
TCGA-A2-A0T3,0.124090955,,,
TCGA-E2-A1B1,0.006984163,,,
TCGA-BH-A0BS,-0.07743258,,,
TCGA-3C-AALJ,-0.361685338,,,
TCGA-D8-A1XJ,0.102192223,,,
TCGA-E9-A1R3,-0.338678764,,,
TCGA-A2-A0CO,-0.523150428,,,
TCGA-EW-A2FR,-0.223238986,,,
TCGA-AN-A0XV,-0.166021917,,,
TCGA-AO-A0J4,0.123550454,,,
TCGA-E2-A573,0.007077997,,,
TCGA-E9-A1NF,-0.419803325,,,
TCGA-PE-A5DE,-0.346252158,,,
TCGA-BH-A18J,-0.158006885,,,
TCGA-A2-A0EX,-0.483320922,,,
TCGA-EW-A1OY,-0.174571111,,,
TCGA-EW-A2FV,0.114456522,,,
TCGA-D8-A1XA,-0.186898701,,,
TCGA-E9-A2JS,-0.015154216,,,
TCGA-A7-A5ZW,-0.503177414,,,
TCGA-D8-A13Z,0.089487037,,,
TCGA-E2-A154,-0.214103331,,,
TCGA-D8-A146,-0.428989563,,,
TCGA-BH-A8G0,-0.549303188,,,
TCGA-E2-A14T,-0.009993067,,,
TCGA-D8-A143,0.103487989,,,
TCGA-A7-A13G,-0.277463673,,,
TCGA-A8-A07U,-0.055709611,,,
TCGA-AN-A03Y,0.068701932,,,
TCGA-AQ-A04H,0.145367058,,,
TCGA-OL-A97C,-0.417943686,,,
TCGA-E9-A1NG,-0.313348683,,,
TCGA-C8-A12L,0.07477118,,,
TCGA-AO-A03U,-0.370221069,,,
TCGA-AR-A0U4,0.074130982,,,
TCGA-E9-A227,-0.321586046,,,
TCGA-E9-A22E,-0.342686781,,,
TCGA-BH-A0DQ,-0.307173233,,,
TCGA-D8-A27I,-0.406487622,,,
TCGA-AO-A12D,-0.303178457,,,
TCGA-E2-A2P5,-0.031237241,,,
TCGA-A2-A0CW,0.07616246,,,
TCGA-EW-A1P3,-0.365061688,,,
TCGA-A2-A0T6,-0.384057015,,,
TCGA-A2-A25B,0.185063805,,,
TCGA-A8-A0A6,-0.443121988,,,
TCGA-A2-A3XT,0.009093597,,,
TCGA-AN-A0FZ,0.05769618,,,
TCGA-JL-A3YX,-0.076812545,,,
TCGA-B6-A0IJ,0.144098861,,,
TCGA-E2-A10E,-0.132117652,,,
TCGA-C8-A26Y,0.01475344,,,
TCGA-EW-A1J1,-0.1119789,,,
TCGA-AR-A0TP,0.051821577,,,
TCGA-E2-A3DX,-0.444844541,,,
TCGA-B6-A0WY,-0.36083802,,,
TCGA-A8-A09R,-0.090975796,,,
TCGA-EW-A1PG,-0.476519522,,,
TCGA-A7-A4SD,-0.132648835,,,
TCGA-BH-A0H0,0.083397824,,,
TCGA-AO-A03M,0.109819301,,,
TCGA-A2-A4RX,-0.287051557,,,
TCGA-D8-A1XB,-0.376301816,,,
TCGA-EW-A1PB,-0.063304934,,,
TCGA-AQ-A1H2,-0.263944439,,,
TCGA-D8-A27H,-0.125278882,,,
TCGA-AC-A3W7,-0.414816372,,,
TCGA-BH-A0H6,-0.407636884,,,
TCGA-AN-A0XW,-0.080775514,,,
TCGA-E2-A15K,-0.013906947,,,
TCGA-EW-A424,-0.297887185,,,
TCGA-E9-A226,0.068225177,,,
TCGA-A8-A07O,0.155371997,,,
TCGA-AO-A1KS,0.11590991,,,
TCGA-A8-A0A7,-0.263876988,,,
TCGA-D8-A27E,-0.376057487,,,
TCGA-A2-A0T4,-0.343532391,,,
TCGA-A8-A099,-0.19366777,,,
TCGA-E2-A108,-0.372585124,,,
TCGA-C8-A133,-0.351977546,,,
TCGA-E2-A14P,0.087051176,,,
TCGA-D8-A1XD,-0.118803532,,,
TCGA-B6-A0RP,-0.384325823,,,
TCGA-EW-A1PH,0.011114229,,,
TCGA-E2-A15L,0.036826848,,,
TCGA-B6-A0IG,-0.012881177,,,
TCGA-A8-A0A2,-0.270906816,,,
TCGA-B6-A0IH,-0.530448756,,,
TCGA-BH-A1FH,-0.40917462,,,
TCGA-AR-A2LR,-0.01174084,,,
TCGA-LD-A9QF,-0.426682068,,,
TCGA-BH-A1FM,0.096595824,,,
TCGA-AO-A128,0.089015867,,,
TCGA-BH-A18F,-0.069002995,,,
TCGA-D8-A1XV,-0.199735682,,,
TCGA-EW-A1OZ,-0.013346056,,,
TCGA-BH-A0W3,-0.065933673,,,
TCGA-BH-A1EN,-0.124808646,,,
TCGA-EW-A1IW,0.117079787,,,
TCGA-A2-A3XY,-0.002743958,,,
TCGA-BH-A1EV,-0.105232254,,,
TCGA-A7-A0D9,-0.37772304,,,
TCGA-AC-A3EH,-0.286901857,,,
TCGA-AN-A04A,-0.13648669,,,
TCGA-Z7-A8R6,0.062005682,,,
TCGA-AO-A129,-0.039643751,,,
TCGA-AR-A1AI,0.109911995,,,
TCGA-E9-A1N9,0.054617905,,,
TCGA-AN-A0FN,-0.385147066,,,
TCGA-B6-A0RI,0.031538032,,,
TCGA-E2-A1IO,-0.405498035,,,
TCGA-AR-A0TV,-0.037634234,,,
TCGA-D8-A27M,-0.104915218,,,
TCGA-BH-A0BL,0.002996443,,,
TCGA-EW-A1P6,-0.31939642,,,
TCGA-AN-A0XU,0.086001845,,,
TCGA-AR-A1AP,-0.2939252,,,
TCGA-A2-A0YJ,0.042146636,,,
TCGA-A7-A426,-0.381571789,,,
TCGA-AR-A1AT,-0.204508118,,,
TCGA-E2-A1IN,-0.16619853,,,
TCGA-BH-A0AV,0.089079182,,,
TCGA-LD-A74U,-0.465632136,,,
TCGA-D8-A1X8,-0.232036276,,,
TCGA-AN-A0FD,-0.221057331,,,
TCGA-BH-A0E0,-0.20707053,,,
TCGA-BH-A18N,-0.219649122,,,
TCGA-A2-A0CU,-0.153112014,,,
TCGA-EW-A1IY,-0.011835651,,,
TCGA-E9-A2JT,-0.386193603,,,
TCGA-AC-A2BK,0.123632626,,,
TCGA-E2-A15D,-0.405817238,,,
TCGA-BH-A6R9,-0.384779537,,,
TCGA-A2-A0D2,0.125358343,,,
TCGA-AC-A62X,-0.044426241,,,
TCGA-A8-A09C,0.024671813,,,
TCGA-BH-A0BV,-0.198445212,,,
TCGA-BH-A0W7,-0.315903952,,,
TCGA-B6-A0IB,-0.079819506,,,
TCGA-E2-A1L6,-0.272685313,,,
TCGA-AN-A0G0,0.151755098,,,
TCGA-C8-A26X,-0.228660847,,,
TCGA-BH-A0H7,-0.169680555,,,
TCGA-A7-A3IY,-0.322859699,,,
TCGA-AR-A2LH,-0.384335841,,,
TCGA-E2-A107,-0.006524714,,,
TCGA-E9-A244,0.08034562,,,
TCGA-AR-A5QN,-0.289460144,,,
TCGA-AC-A6IW,-0.024476381,,,
TCGA-GI-A2C9,-0.118339291,,,
TCGA-A8-A06R,-0.096925774,,,
TCGA-W8-A86G,-0.503427054,,,
TCGA-GM-A3XN,-0.454827382,,,
TCGA-4H-AAAK,-0.367732189,,,
TCGA-EW-A3U0,-0.134804191,,,
TCGA-AC-A2FO,-0.455783742,,,
TCGA-E2-A1IG,-0.31476659,,,
TCGA-S3-AA12,-0.171618788,,,
TCGA-B6-A0WV,0.025580768,,,
TCGA-A7-A4SF,-0.174174424,,,
TCGA-D8-A1XY,-0.358803279,,,
TCGA-A7-A13D,-0.013276784,,,
TCGA-A1-A0SF,-0.396222935,,,
TCGA-E2-A1IU,-0.390602686,,,
TCGA-E2-A158,-0.027748413,,,
TCGA-E2-A14V,0.153961195,,,
TCGA-AC-A3OD,-0.122473022,,,
TCGA-AR-A0TY,0.098765862,,,
TCGA-AR-A24W,-0.390568356,,,
TCGA-E2-A15T,0.106800278,,,
TCGA-A7-A425,-0.309094942,,,
TCGA-AQ-A0Y5,-0.294218376,,,
TCGA-AC-A8OQ,-0.265461503,,,
TCGA-BH-A0BR,-0.318717885,,,
TCGA-BH-A0HI,-0.393020186,,,
TCGA-GM-A2DM,-0.373023653,,,
TCGA-A2-A1G0,-0.398746415,,,
TCGA-AQ-A04J,0.02736572,,,
TCGA-AN-A0AK,0.148719473,,,
TCGA-A8-A06O,0.045105664,,,
TCGA-D8-A1XG,-0.233144407,,,
TCGA-B6-A402,-0.039042059,,,
TCGA-GM-A2DI,-0.461107421,,,
TCGA-EW-A1IX,-0.464132691,,,
TCGA-A8-A095,0.107522448,,,
TCGA-A8-A06Z,0.060032004,,,
TCGA-A1-A0SD,-0.381125895,,,
TCGA-A7-A0CG,-0.358682632,,,
TCGA-A2-A25E,0.124062612,,,
TCGA-A7-A13F,0.012957178,,,
TCGA-A8-A07C,0.167691218,,,
TCGA-D8-A1JH,-0.349107054,,,
TCGA-A2-A04N,-0.433056819,,,
TCGA-LL-A442,-0.064485019,,,
TCGA-C8-A130,-0.006794307,,,
TCGA-JL-A3YW,-0.271565503,,,
TCGA-BH-A0AY,-0.288788463,,,
TCGA-A2-A0EY,-0.215357589,,,
TCGA-AQ-A7U7,-0.422587534,,,
TCGA-BH-A208,-0.414560647,,,
TCGA-OL-A5RY,-0.338591192,,,
TCGA-B6-A40B,-0.280088774,,,
TCGA-BH-A42V,-0.436172957,,,
TCGA-E2-A105,-0.058805615,,,
TCGA-BH-A0BZ,0.006538381,,,
TCGA-AC-A2FK,-0.459746915,,,
TCGA-A8-A06P,-0.423599118,,,
TCGA-B6-A0IP,-0.067018816,,,
TCGA-D8-A27F,0.157623762,,,
TCGA-AN-A0FX,-0.023748605,,,
TCGA-PE-A5DD,-0.381295887,,,
TCGA-AN-A0XN,-0.358433518,,,
TCGA-E9-A1NA,-0.011265059,,,
TCGA-AC-A2FB,-0.37416659,,,
TCGA-LL-A73Z,-0.38593196,,,
TCGA-A7-A26F,-0.134388511,,,
TCGA-AC-A23E,-0.255809682,,,
TCGA-A2-A1FW,0.118973981,,,
TCGA-EW-A6SC,-0.216225495,,,
TCGA-AR-A5QP,-0.378265528,,,
TCGA-D8-A1XC,-0.311771906,,,
TCGA-EW-A1P5,-0.184536233,,,
TCGA-BH-A0RX,-0.220460604,,,
TCGA-A7-A13E,-0.150542411,,,
TCGA-A2-A0T5,-0.204800862,,,
TCGA-C8-A273,0.072761723,,,
TCGA-AR-A1AV,0.027297363,,,
TCGA-A7-A6VX,-0.215741168,,,
TCGA-AR-A24N,0.087534309,,,
TCGA-AN-A0FS,-0.256783495,,,
TCGA-C8-A8HP,-0.299406159,,,
TCGA-C8-A278,0.054903874,,,
TCGA-EW-A1P8,0.044181637,,,
TCGA-AR-A1AL,-0.275656405,,,
TCGA-A2-A0SV,0.107968854,,,
TCGA-A8-A084,0.009931442,,,
TCGA-D8-A1JK,-0.17119339,,,
TCGA-E2-A1LL,0.016079383,,,
TCGA-A8-A09V,-0.088760416,,,
TCGA-EW-A1OV,-0.298404505,,,
TCGA-B6-A0IO,-0.069883569,,,
TCGA-A2-A25A,-0.091901858,,,
TCGA-E2-A1IK,-0.436447163,,,
TCGA-B6-A0RL,0.037087892,,,
TCGA-A2-A0CV,-0.374949866,,,
TCGA-B6-A0X7,-0.428474402,,,
TCGA-BH-A1FR,-0.308363298,,,
TCGA-E9-A1R7,0.00313502,,,
TCGA-E9-A24A,-0.165956298,,,
TCGA-D8-A1JS,-0.302725835,,,
TCGA-BH-A0AZ,-0.454908976,,,
TCGA-BH-A0DK,-0.268908183,,,
TCGA-5L-AAT0,-0.532625393,,,
TCGA-D8-A1JP,-0.261965493,,,
TCGA-BH-A1FG,-0.256245256,,,
TCGA-AC-A7VC,-0.222168091,,,
TCGA-D8-A1X6,0.043749436,,,
TCGA-D8-A1JD,0.173006374,,,
TCGA-B6-A1KF,0.049703909,,,
TCGA-A2-A0YF,0.075822783,,,
TCGA-B6-A0RS,0.000596166,,,
TCGA-BH-A0HL,-0.088087659,,,
TCGA-E2-A15R,0.071307431,,,
TCGA-C8-A3M8,-0.034521137,,,
TCGA-C8-A26W,0.099806652,,,
TCGA-AN-A0XT,-0.372351873,,,
TCGA-BH-A1EW,-0.063716168,,,
TCGA-AQ-A1H3,-0.066342388,,,
TCGA-C8-A1HI,-0.135561165,,,
TCGA-BH-A0H3,-0.390022554,,,
TCGA-A8-A07B,-0.281449393,,,
TCGA-BH-A0B8,-0.269472344,,,
TCGA-E9-A248,0.100679274,,,
TCGA-AC-A23G,-0.497109899,,,
TCGA-E9-A243,0.086126385,,,
TCGA-AO-A0JA,-0.107104342,,,
TCGA-D8-A147,0.081524049,,,
TCGA-B6-A0RO,-0.277932415,,,
TCGA-A2-A0YG,0.166734887,,,
TCGA-E9-A1RF,-0.203300798,,,
TCGA-B6-A0X0,-0.34695623,,,
TCGA-C8-A275,0.15607626,,,
TCGA-BH-A18S,-0.299103196,,,
TCGA-AR-A0U3,-0.075901075,,,
TCGA-A7-A0CE,0.061319444,,,
TCGA-BH-A1FE,0.101195734,,,
TCGA-EW-A1PE,-0.314778648,,,
TCGA-AR-A24T,-0.364084876,,,
TCGA-GM-A2DH,0.178241857,,,
TCGA-B6-A0IM,0.049741374,,,
TCGA-BH-A0BP,-0.450623004,,,
TCGA-AO-A12E,-0.043001157,,,
TCGA-E2-A153,-0.537630626,,,
TCGA-B6-A0WX,-0.257757199,,,
TCGA-EW-A1OW,0.035384465,,,
TCGA-AR-A24K,0.137646715,,,
TCGA-A2-A0D4,0.1282132,,,
TCGA-BH-A0B4,-0.377870457,,,
TCGA-BH-A0W5,-0.431786978,,,
TCGA-BH-A0E2,-0.058890759,,,
TCGA-A7-A4SB,-0.268414284,,,
TCGA-E9-A1N6,-0.033186254,,,
TCGA-BH-A0BQ,-0.494445824,,,
TCGA-AR-A250,0.106196818,,,
TCGA-AR-A251,0.177077381,,,
TCGA-A8-A09M,-0.09668441,,,
TCGA-E2-A159,0.059335019,,,
TCGA-A2-A0CL,-0.099731809,,,
TCGA-BH-A18H,-0.354551154,,,
TCGA-EW-A6S9,-0.230601908,,,
TCGA-E9-A22H,0.13952556,,,
TCGA-AC-A2FG,-0.376729646,,,
TCGA-A2-A04Q,-0.073415148,,,
TCGA-C8-A1HF,0.156032878,,,
TCGA-AO-A0JE,-0.239270352,,,
TCGA-A8-A09K,-0.108621774,,,
TCGA-A2-A4RY,-0.519530364,,,
TCGA-BH-A0DI,-0.452885051,,,
TCGA-OL-A66I,-0.064073517,,,
TCGA-A8-A09Q,0.000368029,,,
TCGA-E2-A1IE,0.09436701,,,
TCGA-C8-A26Z,0.005674313,,,
TCGA-A2-A0YM,0.134998625,,,
TCGA-BH-A0C0,-0.092138793,,,
TCGA-A2-A0YH,-0.145678715,,,
TCGA-E2-A15C,-0.401112632,,,
TCGA-A2-A0EU,-0.099489071,,,
TCGA-D8-A1JM,0.091884513,,,
TCGA-D8-A1J8,0.128943395,,,
TCGA-A2-A0EP,-0.388393413,,,
TCGA-D8-A1XR,0.126882446,,,
TCGA-BH-A204,0.146745088,,,
TCGA-E9-A1RG,-0.270283182,,,
TCGA-D8-A27K,-0.35865496,,,
TCGA-B6-A0X5,0.019024487,,,
TCGA-E9-A5UO,-0.05335657,,,
TCGA-AR-A24O,-0.21315197,,,
TCGA-EW-A1P4,0.081891441,,,
TCGA-A2-A3XZ,-0.204923373,,,
TCGA-E2-A10B,-0.055332727,,,
TCGA-AN-A0AM,-0.05509793,,,
TCGA-A2-A4S2,-0.470099352,,,
TCGA-B6-A2IU,-0.345741256,,,
TCGA-A7-A0CH,-0.357684429,,,
TCGA-E9-A22G,0.139490576,,,
TCGA-E2-A15O,-0.067068316,,,
TCGA-S3-A6ZF,-0.002082815,,,
TCGA-E2-A1IJ,-0.553214091,,,
TCGA-A8-A07J,-0.48594997,,,
TCGA-E9-A1RE,0.087082689,,,
TCGA-A8-A08A,-0.364287808,,,
TCGA-AR-A255,-0.102120671,,,
TCGA-A2-A0CP,-0.575869402,,,
TCGA-AO-A12C,-0.440841872,,,
TCGA-A2-A0CT,-0.115415365,,,
TCGA-A2-A25D,-0.185939415,,,
TCGA-LL-A5YO,-0.321781698,,,
TCGA-A8-A09I,0.204269795,,,
TCGA-AR-A24Q,0.105764354,,,
TCGA-D8-A1XQ,0.095718515,,,
TCGA-AN-A0AS,-0.293418663,,,
TCGA-D8-A27G,-0.178319254,,,
TCGA-AR-A1AX,-0.228628503,,,
TCGA-BH-A18V,0.103463915,,,
TCGA-AR-A0TT,-0.136883557,,,
TCGA-BH-A18M,-0.295806424,,,
TCGA-A7-A26E,-0.212840221,,,
TCGA-AR-A24U,-0.011554913,,,
TCGA-AR-A1AH,0.106624924,,,
TCGA-A8-A07L,0.131962062,,,
TCGA-BH-A18L,0.129235911,,,
TCGA-E2-A1LE,-0.202808027,,,
TCGA-A7-A26H,-0.056521218,,,
TCGA-C8-A8HR,-0.340312125,,,
TCGA-OL-A66J,-0.471515373,,,
TCGA-AC-A8OS,-0.506675103,,,
TCGA-BH-A1EU,-0.249903165,,,
TCGA-S3-AA15,-0.336278562,,,
TCGA-B6-A1KN,0.150788011,,,
TCGA-A8-A08F,-0.002112106,,,
TCGA-A8-A06T,-0.059353462,,,
TCGA-AR-A2LK,0.144408948,,,
TCGA-LL-A441,-0.179997532,,,
TCGA-AR-A0U0,0.008341512,,,
TCGA-D8-A1XF,0.117280065,,,
TCGA-A8-A09E,0.01168776,,,
TCGA-A7-A26J,0.111821691,,,
TCGA-A8-A08I,0.100357513,,,
TCGA-5T-A9QA,-0.157281058,,,
TCGA-AO-A0JM,-0.121321063,,,
TCGA-E2-A1LG,0.085565529,,,
TCGA-AO-A0JC,-0.237618157,,,
TCGA-B6-A401,-0.383194385,,,
TCGA-LL-A7T0,-0.145790524,,,
TCGA-AR-A1AN,-0.261964577,,,
TCGA-C8-A26V,0.100902457,,,
TCGA-A2-A0EM,-0.256788608,,,
TCGA-BH-A0B7,-0.23652688,,,
TCGA-A7-A5ZV,-0.236307038,,,
TCGA-OL-A6VR,-0.346494454,,,
TCGA-BH-A0H9,-0.149042345,,,
TCGA-C8-A12X,-0.366602702,,,
TCGA-E2-A1LB,-0.208744001,,,
TCGA-D8-A140,-0.215284457,,,
TCGA-C8-A3M7,-0.291612567,,,
TCGA-E2-A15E,-0.372513979,,,
TCGA-A2-A0EV,-0.129350576,,,
TCGA-E9-A1RD,-0.08538498,,,
TCGA-D8-A27P,-0.425934127,,,
TCGA-C8-A12T,0.009146872,,,
TCGA-S3-A6ZH,0.077692445,,,
TCGA-OL-A5RZ,-0.101416944,,,
TCGA-S3-AA11,-0.30339315,,,
TCGA-A2-A3XX,-0.042081489,,,
TCGA-AR-A2LE,-0.409473937,,,
TCGA-A2-A0SW,-0.090313817,,,
TCGA-AR-A256,0.119982867,,,
TCGA-BH-A6R8,-0.32870588,,,
TCGA-A8-A06Y,-0.361046888,,,
TCGA-AC-A2FE,-0.430953132,,,
TCGA-AR-A1AQ,-0.030469943,,,
TCGA-D8-A1Y1,0.081087517,,,
TCGA-EW-A1PD,0.037081156,,,
TCGA-BH-A0HW,0.025982474,,,
TCGA-GI-A2C8,-0.451666556,,,
TCGA-A8-A09D,-0.231955041,,,
TCGA-C8-A12V,-0.144144786,,,
TCGA-AO-A12G,-0.355691037,,,
TCGA-BH-A1F2,0.054948607,,,
TCGA-AR-A1AO,-0.284064667,,,
TCGA-D8-A1X9,0.101853527,,,
TCGA-E2-A15J,-0.105248963,,,
TCGA-AC-A23C,-0.127474759,,,
TCGA-E9-A1QZ,-0.072891049,,,
TCGA-BH-A0HP,-0.327718591,,,
TCGA-A2-A0EQ,0.081850413,,,
TCGA-AR-A1AM,-0.511157198,,,
TCGA-E9-A1NH,-0.481531999,,,
TCGA-A8-A07R,0.135262992,,,
TCGA-A2-A3Y0,0.007211752,,,
TCGA-GM-A2DF,-0.157183183,,,
TCGA-E2-A150,-0.066473262,,,
TCGA-A8-A06Q,0.113418193,,,
TCGA-A8-A09B,-0.30389002,,,
TCGA-HN-A2OB,-0.539770914,,,
TCGA-AN-A0AJ,0.17438219,,,
TCGA-A7-A3J1,-0.385705759,,,
TCGA-E2-A106,-0.283761341,,,
TCGA-PL-A8LX,-0.395118924,,,
TCGA-C8-A12O,-0.053453806,,,
TCGA-C8-A1HK,0.004688283,,,
TCGA-B6-A0IK,-0.162171812,,,
TCGA-BH-A0BD,0.035053141,,,
TCGA-D8-A1XU,-0.340863006,,,
TCGA-E2-A15G,-0.371423953,,,
TCGA-D8-A1JB,-0.462320187,,,
TCGA-EW-A1J2,-0.356760301,,,
TCGA-A2-A0ET,0.09751077,,,
TCGA-A2-A3XW,-0.372952471,,,
TCGA-D8-A27R,-0.005826929,,,
TCGA-AO-A1KO,-0.368626685,,,
TCGA-EW-A6SD,-0.105614314,,,
TCGA-BH-A18P,0.085471965,,,
TCGA-A8-A08R,0.102077656,,,
TCGA-AO-A0JD,0.117293172,,,
TCGA-AR-A2LL,-0.108498195,,,
TCGA-D8-A27V,-0.172473279,,,
TCGA-BH-A0BO,-0.420383908,,,
TCGA-BH-A0DV,-0.445028159,,,
TCGA-A8-A08Z,-0.236965709,,,
TCGA-D8-A13Y,0.054734319,,,
TCGA-BH-A0C3,-0.290201038,,,
TCGA-D8-A145,-0.451048813,,,
TCGA-A2-A1G1,0.146363328,,,
TCGA-A1-A0SP,0.044992319,,,
TCGA-E9-A1RI,-0.278759743,,,
TCGA-AN-A04D,0.138306298,,,
TCGA-A8-A0AD,-0.24516581,,,
TCGA-A2-A0YK,-0.43004539,,,
TCGA-AN-A0FV,-0.111293991,,,
TCGA-A2-A25F,0.07696074,,,
TCGA-A8-A07E,0.044532148,,,
TCGA-A8-A079,0.067497049,,,
TCGA-BH-A0E7,-0.213203386,,,
TCGA-A1-A0SQ,-0.24256353,,,
TCGA-BH-A1ES,-0.276283917,,,
TCGA-A7-A0CJ,0.075344185,,,
TCGA-D8-A73U,-0.539157407,,,
TCGA-BH-A1FC,0.169604909,,,
TCGA-A2-A04V,-0.078697713,,,
TCGA-BH-A0HY,0.008247745,,,
TCGA-A8-A08H,-0.2754421,,,
TCGA-AR-A2LQ,-0.48732544,,,
TCGA-HN-A2NL,0.101376154,,,
TCGA-A2-A0CM,0.114255821,,,
TCGA-A8-A083,-0.278373711,,,
TCGA-BH-A0DG,-0.339463438,,,
TCGA-A7-A4SC,-0.487379812,,,
TCGA-S3-AA10,0.040166725,,,
TCGA-BH-A0DT,-0.420568181,,,
TCGA-AO-A12B,-0.172703817,,,
TCGA-E2-A10F,-0.303676324,,,
TCGA-A2-A1FV,-0.088862042,,,
TCGA-EW-A1OX,-0.149105779,,,
TCGA-B6-A0WZ,-0.223833927,,,
TCGA-B6-A0I6,0.024199212,,,
TCGA-E9-A245,-0.474270997,,,
TCGA-C8-A12N,-0.448203522,,,
TCGA-BH-A0HU,0.075821001,,,
TCGA-BH-A0B1,-0.123042229,,,
TCGA-D8-A1JC,0.074504107,,,
TCGA-E2-A15H,-0.015664918,,,
TCGA-BH-A0C1,-0.031362161,,,
TCGA-E2-A14Y,0.054366896,,,
TCGA-A2-A0YD,-0.407124207,,,
TCGA-E2-A10A,0.065815074,,,
TCGA-AO-A0JG,-0.390115331,,,
TCGA-D8-A27L,-0.375653114,,,
TCGA-BH-A18Q,0.049052227,,,
TCGA-OL-A6VQ,-0.514735711,,,
TCGA-E9-A1R2,-0.349597045,,,
TCGA-A2-A04T,0.108739637,,,
TCGA-BH-A18U,0.144403835,,,
TCGA-AN-A0XP,-0.305295606,,,
TCGA-BH-A1FU,-0.182572716,,,
TCGA-A8-A097,0.048066438,,,
TCGA-GM-A2DL,-0.204870486,,,
TCGA-LD-A7W6,-0.257827813,,,
TCGA-AC-A2BM,0.038626997,,,
TCGA-EW-A3E8,-0.380568152,,,
TCGA-BH-A0DS,-0.479394123,,,
TCGA-A2-A3XS,-0.087489822,,,
TCGA-A8-A0A1,-0.345649087,,,
TCGA-BH-A8FZ,-0.446479744,,,
TCGA-BH-A0B6,-0.467776161,,,
TCGA-BH-A0HK,-0.405376587,,,
TCGA-BH-A0B3,0.055256734,,,
TCGA-BH-A0C7,0.157205065,,,
TCGA-A7-A0DA,-0.090300063,,,
TCGA-B6-A0IQ,0.131093827,,,
TCGA-AN-A0FW,0.008506721,,,
TCGA-BH-A1EY,-0.410638236,,,
TCGA-BH-A0BA,-0.194175722,,,
TCGA-AC-A2FM,-0.130386556,,,
TCGA-AO-A12F,0.071855146,,,
TCGA-AR-A0TS,0.056332465,,,
TCGA-A1-A0SJ,-0.143220211,,,
TCGA-E9-A3QA,-0.012701567,,,
TCGA-S3-AA14,-0.373787822,,,
TCGA-BH-A0B5,0.067828622,,,
TCGA-A8-A096,0.055933971,,,
TCGA-EW-A6SA,0.106260853,,,
TCGA-E2-A15S,0.088211556,,,
TCGA-AC-A8OP,-0.395522377,,,
TCGA-A2-A25C,0.183551265,,,
TCGA-AN-A0FK,-0.04770048,,,
TCGA-AN-A049,-0.111997948,,,
TCGA-D8-A27T,-0.241844324,,,
TCGA-D8-A73X,-0.400417504,,,
TCGA-C8-A132,-0.300441567,,,
TCGA-E9-A229,-0.034911972,,,
TCGA-A8-A08P,-0.038351261,,,
TCGA-A8-A09W,0.070743898,,,
TCGA-E2-A14U,-0.433151997,,,
TCGA-D8-A1XM,0.046838563,,,