,Stemness,,,,
TCGA-C8-A27A,0.179234177,,,,
TCGA-AR-A0TW,0.031719402,,,,
TCGA-A1-A0SH,-0.112872868,,,,
TCGA-A2-A0EW,-0.199376942,,,,
TCGA-GM-A2DN,-0.141189627,,,,
TCGA-BH-A1FL,-0.093753433,,,,
TCGA-C8-A1HO,-0.085985986,,,,
TCGA-OL-A5RX,-0.503889034,,,,
TCGA-A8-A09T,-0.296693725,,,,
TCGA-AR-A24Z,0.226076446,,,,
TCGA-A7-A26I,-0.352679034,,,,
TCGA-AC-A5XU,-0.243978543,,,,
TCGA-BH-A1FN,0.300155883,,,,
TCGA-C8-A12K,0.360174627,,,,
TCGA-D8-A1XW,0.144058302,,,,
TCGA-E2-A14Z,0.202672333,,,,
TCGA-AN-A0AT,0.358528042,,,,
TCGA-3C-AALI,-0.397205628,,,,
TCGA-AC-A3HN,-0.133440589,,,,
TCGA-AR-A1AW,0.06327444,,,,
TCGA-B6-A3ZX,-0.023148714,,,,
TCGA-LL-A740,-0.18087007,,,,
TCGA-E9-A1NC,-0.008126998,,,,
TCGA-OL-A5D6,-0.410753103,,,,
TCGA-C8-A1HG,0.018625112,,,,
TCGA-BH-A0B0,-0.20157627,,,,
TCGA-E2-A15M,0.498273547,,,,
TCGA-AO-A0J7,-0.111560212,,,,
TCGA-AR-A252,0.268118979,,,,
TCGA-E2-A15I,-0.31881844,,,,
TCGA-AR-A0TX,0.037974564,,,,
TCGA-A7-A3IZ,-0.218533724,,,,
TCGA-B6-A0X4,-0.434219145,,,,
TCGA-E9-A1N5,-0.347326411,,,,
TCGA-AR-A2LM,-0.227097641,,,,
TCGA-AR-A1AU,-0.313903776,,,,
TCGA-E2-A156,-0.375957906,,,,
TCGA-B6-A0WT,-0.188964666,,,,
TCGA-D8-A1J9,0.239015135,,,,
TCGA-E2-A1B0,0.423417635,,,,
TCGA-AC-A2QH,0.326233647,,,,
TCGA-AR-A5QQ,0.221479097,,,,
TCGA-BH-A28O,-0.462979883,,,,
TCGA-D8-A27N,0.047816057,,,,
TCGA-B6-A0I9,-0.104465883,,,,
TCGA-A2-A04R,-0.169189677,,,,
TCGA-C8-A27B,0.424338363,,,,
TCGA-BH-A0BJ,-0.17057923,,,,
TCGA-AR-A1AS,-0.177972936,,,,
TCGA-E9-A22B,0.201808139,,,,
TCGA-A1-A0SK,0.150975793,,,,
TCGA-AR-A24M,0.16178147,,,,
TCGA-BH-A201,0.104311447,,,,
TCGA-OL-A66H,-0.188691314,,,,
TCGA-D8-A1XO,0.067597705,,,,
TCGA-AR-A1AR,0.52109695,,,,
TCGA-AO-A0J2,0.26499855,,,,
TCGA-E2-A1IL,-0.345401634,,,,
TCGA-C8-A135,0.13563014,,,,
TCGA-A2-A0CZ,-0.345266641,,,,
TCGA-BH-A1EX,-0.014987371,,,,
TCGA-D8-A1X5,-0.167708848,,,,
TCGA-D8-A4Z1,-0.495285944,,,,
TCGA-D8-A1JG,0.267808726,,,,
TCGA-OL-A5DA,-0.408414184,,,,
TCGA-EW-A1P7,-0.150854777,,,,
TCGA-A2-A259,-0.18255609,,,,
TCGA-A7-A4SE,0.019863425,,,,
TCGA-BH-A2L8,-0.063123846,,,,
TCGA-A8-A06U,0.046313068,,,,
TCGA-BH-A0BW,0.261072495,,,,
TCGA-BH-A0EI,-0.14150411,,,,
TCGA-D8-A1JE,0.344295846,,,,
TCGA-A8-A08J,-0.119488217,,,,
TCGA-AO-A03L,0.248011404,,,,
TCGA-D8-A1Y0,0.325037357,,,,
TCGA-AR-A1AY,0.237894114,,,,
TCGA-A8-A09N,0.006109898,,,,
TCGA-E9-A1N3,-0.183443823,,,,
TCGA-A1-A0SE,-0.111070798,,,,
TCGA-S3-AA0Z,0.115220903,,,,
TCGA-E2-A109,0.063001375,,,,
TCGA-A2-A0T1,0.059980856,,,,
TCGA-D8-A1X7,0.116336681,,,,
TCGA-AN-A0XO,-0.122690453,,,,
TCGA-A2-A0SU,-0.123960506,,,,
TCGA-AN-A0XL,-0.167988617,,,,
TCGA-B6-A0WS,0.139578273,,,,
TCGA-A2-A0YT,0.172085771,,,,
TCGA-A8-A08B,-0.183795421,,,,
TCGA-A8-A07F,0.113660251,,,,
TCGA-A7-A3J0,-0.275665415,,,,
TCGA-AR-A254,0.428007367,,,,
TCGA-B6-A0RE,0.200815507,,,,
TCGA-AQ-A04L,-0.180572499,,,,
TCGA-A7-A2KD,0.065718777,,,,
TCGA-AN-A0FJ,0.061950522,,,,
TCGA-BH-A0DX,-0.114972459,,,,
TCGA-E9-A3Q9,-0.36165581,,,,
TCGA-E9-A228,0.194854456,,,,
TCGA-A8-A07I,0.079967667,,,,
TCGA-A8-A086,0.077545583,,,,
TCGA-AC-A3W6,-0.234485922,,,,
TCGA-BH-A203,0.295544379,,,,
TCGA-D8-A1JJ,0.312347422,,,,
TCGA-XX-A89A,-0.289048018,,,,
TCGA-B6-A0RT,0.183233542,,,,
TCGA-AO-A0J3,-0.10840242,,,,
TCGA-OL-A66K,-0.387087182,,,,
TCGA-BH-A202,0.450699668,,,,
TCGA-A7-A4SA,-0.418295627,,,,
TCGA-E2-A14S,0.198354455,,,,
TCGA-E2-A1L9,0.135662575,,,,
TCGA-A2-A0EO,-0.098472697,,,,
TCGA-AC-A2B8,0.057999211,,,,
TCGA-A8-A085,-0.105308141,,,,
TCGA-A2-A4S3,-0.199905668,,,,
TCGA-C8-A12U,0.031205401,,,,
TCGA-D8-A1JA,0.316405489,,,,
TCGA-BH-A0DP,-0.369321055,,,,
TCGA-A1-A0SO,0.338714297,,,,
TCGA-E9-A1ND,0.17685316,,,,
TCGA-E9-A22A,0.291417101,,,,
TCGA-AC-A2FF,0.117956909,,,,
TCGA-BH-A0DO,-0.371542192,,,,
TCGA-D8-A1XT,0.366232955,,,,
TCGA-E2-A1BD,-0.253400397,,,,
TCGA-AO-A03P,0.148619367,,,,
TCGA-E2-A15A,0.09782359,,,,
TCGA-A2-A04X,0.082559471,,,,
TCGA-B6-A0IC,-0.197115625,,,,
TCGA-C8-A12Z,0.025851417,,,,
TCGA-AR-A1AJ,0.362328018,,,,
TCGA-A7-A6VV,0.115580125,,,,
TCGA-A7-A0DB,-0.119822773,,,,
TCGA-AC-A6NO,-0.419870515,,,,
TCGA-EW-A2FW,-0.024903651,,,,
TCGA-E9-A1RH,0.296135498,,,,
TCGA-A8-A09A,-0.229158277,,,,
TCGA-A8-A091,-0.174813108,,,,
TCGA-AC-A23H,0.056837559,,,,
TCGA-A7-A13H,-0.448768488,,,,
TCGA-B6-A400,0.051365033,,,,
TCGA-D8-A1Y2,0.334042341,,,,
TCGA-LL-A440,-0.341481522,,,,
TCGA-D8-A141,-0.02418904,,,,
TCGA-E9-A1RB,0.299471984,,,,
TCGA-EW-A1PC,0.141163887,,,,
TCGA-A8-A081,0.064056073,,,,
TCGA-E2-A1II,0.387389833,,,,
TCGA-A7-A3RF,-0.416768154,,,,
TCGA-AO-A124,0.277189735,,,,
TCGA-BH-A1FJ,0.095278741,,,,
TCGA-AO-A03V,-0.315489599,,,,
TCGA-B6-A0X1,0.116420128,,,,
TCGA-BH-A0WA,0.283423746,,,,
TCGA-AR-A24S,0.410302788,,,,
TCGA-A8-A08X,-0.013504227,,,,
TCGA-A8-A07P,0.091968753,,,,
TCGA-E9-A5UP,-0.522940968,,,,
TCGA-PE-A5DC,-0.313774501,,,,
TCGA-C8-A12M,-0.155610607,,,,
TCGA-BH-A0HF,-0.088053354,,,,
TCGA-AR-A1AK,-0.16866963,,,,
TCGA-A2-A0SX,0.209185646,,,,
TCGA-BH-A0HB,-0.12637636,,,,
TCGA-3C-AAAU,-0.391288317,,,,
TCGA-A2-A0YL,0.099167153,,,,
TCGA-AN-A0FY,0.09961873,,,,
TCGA-AR-A0TZ,0.007380068,,,,
TCGA-A7-A0CD,-0.045959468,,,,
TCGA-AN-A041,-0.165375952,,,,
TCGA-A2-A3KC,-0.230688967,,,,
TCGA-BH-A0BT,-0.249380333,,,,
TCGA-A8-A07G,0.007658981,,,,
TCGA-A8-A0A4,-0.205618157,,,,
TCGA-BH-A18K,0.035202789,,,,
TCGA-AR-A24R,-0.050645262,,,,
TCGA-BH-A5IZ,0.048410866,,,,
TCGA-D8-A1JL,0.403847355,,,,
TCGA-B6-A0RV,-0.125095426,,,,
TCGA-EW-A1IZ,-0.074700156,,,,
TCGA-A1-A0SG,-0.343517026,,,,
TCGA-AR-A0TR,-0.223434784,,,,
TCGA-E2-A1LK,-0.172925417,,,,
TCGA-E2-A1L7,0.125547203,,,,
TCGA-BH-A0B2,-0.13201607,,,,
TCGA-A2-A1G4,0.098188859,,,,
TCGA-AN-A0AL,0.281180654,,,,
TCGA-BH-A18I,0.173542844,,,,
TCGA-AN-A046,-0.095386963,,,,
TCGA-OL-A5RV,-0.578040162,,,,
TCGA-A8-A092,0.152474752,,,,
TCGA-LQ-A4E4,-0.276765984,,,,
TCGA-A8-A090,0.071431384,,,,
TCGA-A2-A04W,-0.185608516,,,,
TCGA-3C-AALK,-0.386819134,,,,
TCGA-AC-A3YI,-0.320615339,,,,
TCGA-D8-A1JN,-0.257416063,,,,
TCGA-A8-A06X,0.125444805,,,,
TCGA-EW-A1PF,-0.263042643,,,,
TCGA-BH-A1F0,0.390489356,,,,
TCGA-AC-A2QI,-0.242357871,,,,
TCGA-BH-A28Q,-0.129882977,,,,
TCGA-E2-A1BC,-0.373416089,,,,
TCGA-E9-A1R5,-0.084188287,,,,
TCGA-BH-A0BG,0.210544129,,,,
TCGA-E9-A1R6,-0.31427265,,,,
TCGA-BH-A1EO,0.028249042,,,,
TCGA-E2-A15P,-0.182040049,,,,
TCGA-AC-A3BB,-0.340019458,,,,
TCGA-C8-A12Q,0.092634822,,,,
TCGA-BH-AB28,-0.350667116,,,,
TCGA-A8-A07S,-0.128719747,,,,
TCGA-BH-A0DD,0.065116839,,,,
TCGA-E9-A22D,0.298258119,,,,
TCGA-BH-A0AU,-0.175820689,,,,
TCGA-E9-A247,-0.053884137,,,,
TCGA-A2-A0T7,-0.137814913,,,,
TCGA-AO-A0J8,-0.132564256,,,,
TCGA-PL-A8LZ,0.203281332,,,,
TCGA-BH-A209,0.440691277,,,,
TCGA-BH-A0EB,0.033930755,,,,
TCGA-EW-A1P1,-0.076839415,,,,
TCGA-D8-A1XK,0.448538992,,,,
TCGA-AR-A24L,0.191887797,,,,
TCGA-AC-A8OR,-0.487499013,,,,
TCGA-B6-A40C,-0.271515291,,,,
TCGA-A8-A08T,-0.113077004,,,,
TCGA-BH-A18R,0.189392626,,,,
TCGA-BH-A1F5,-0.062391455,,,,
TCGA-E2-A1AZ,0.220168596,,,,
TCGA-5L-AAT1,-0.379708076,,,,
TCGA-BH-A0DZ,-0.130753385,,,,
TCGA-OK-A5Q2,-0.340132473,,,,
TCGA-A8-A093,-0.20755525,,,,
TCGA-A2-A0CS,-0.270357305,,,,
TCGA-E9-A295,-0.399824631,,,,
TCGA-A8-A09X,0.255112475,,,,
TCGA-OL-A5RU,-0.437673093,,,,
TCGA-AO-A0JI,-0.268366907,,,,
TCGA-A2-A0T2,0.022397954,,,,
TCGA-AN-A0XS,-0.278561234,,,,
TCGA-B6-A1KC,-0.056690532,,,,
TCGA-E9-A1R0,-0.215268453,,,,
TCGA-A8-A09Z,-0.230344009,,,,
TCGA-C8-A1HM,0.262181527,,,,
TCGA-A2-A1G6,-0.203347417,,,,
TCGA-A8-A0A9,0.103513552,,,,
TCGA-A7-A6VY,0.204277868,,,,
TCGA-A2-A0YE,0.189342541,,,,
TCGA-E2-A14X,0.190668458,,,,
TCGA-OL-A5D7,0.03041593,,,,
TCGA-BH-A0AW,-0.037133377,,,,
TCGA-BH-A0W4,-0.125556619,,,,
TCGA-XX-A899,-0.306635011,,,,
TCGA-E9-A1RA,-0.361538969,,,,
TCGA-E9-A1NI,-0.292363724,,,,
TCGA-BH-A0EA,-0.42603302,,,,
TCGA-LL-A5YP,0.076310147,,,,
TCGA-BH-A0DL,0.081531768,,,,
TCGA-AC-A7VB,-0.141319678,,,,
TCGA-GM-A3NW,-0.295750029,,,,
TCGA-A7-A26G,0.348650912,,,,
TCGA-B6-A0I8,-0.391305003,,,,
TCGA-C8-A12W,-0.07821616,,,,
TCGA-D8-A1XS,0.217801002,,,,
TCGA-B6-A0RQ,-0.378713785,,,,
TCGA-BH-A1FB,-0.011296287,,,,
TCGA-AR-A2LN,-0.444977313,,,,
TCGA-B6-A0RM,-0.303081802,,,,
TCGA-AC-A4ZE,-0.362282793,,,,
TCGA-D8-A142,0.233909287,,,,
TCGA-A2-A4S0,-0.475211999,,,,
TCGA-AO-A12H,-0.312595116,,,,
TCGA-C8-A1HE,-0.027560101,,,,
TCGA-BH-A1ET,0.012607442,,,,
TCGA-A8-A094,0.044075037,,,,
TCGA-AR-A2LO,-0.297062528,,,,
TCGA-A2-A0T0,0.337230075,,,,
TCGA-A2-A1FZ,-0.238737182,,,,
TCGA-D8-A1JI,-0.267845072,,,,
TCGA-E2-A15F,-0.239652407,,,,
TCGA-A2-A0D3,-0.295342454,,,,
TCGA-A2-A0YC,-0.113414556,,,,
TCGA-BH-A0B9,0.416189871,,,,
TCGA-BH-A0H5,-0.120417747,,,,
TCGA-E2-A2P6,-0.348318349,,,,
TCGA-A2-A0ST,0.077013785,,,,
TCGA-D8-A73W,-0.239443752,,,,
TCGA-E9-A1NE,0.169175947,,,,
TCGA-C8-A12P,0.17003273,,,,
TCGA-C8-A134,0.295223759,,,,
TCGA-E2-A1LI,0.252776114,,,,
TCGA-A1-A0SN,0.175456155,,,,
TCGA-AC-A62Y,-0.172701519,,,,
TCGA-AO-A0JJ,-0.003044576,,,,
TCGA-BH-A1FD,0.29008039,,,,
TCGA-AN-A0FL,-0.273729656,,,,
TCGA-D8-A1JF,0.135790048,,,,
TCGA-A8-A08S,-0.1157501,,,,
TCGA-C8-A274,-0.00409258,,,,
TCGA-D8-A3Z6,-0.476304865,,,,
TCGA-AO-A03O,0.220676661,,,,
TCGA-C8-A8HQ,0.042067634,,,,
TCGA-E2-A155,-0.081141614,,,,
TCGA-AC-A5EH,-0.162122936,,,,
TCGA-S3-AA17,-0.271841783,,,,
TCGA-GM-A3XL,0.145301625,,,,
TCGA-AO-A12A,-0.332445182,,,,
TCGA-D8-A1JU,-0.047051756,,,,
TCGA-BH-A0HO,-0.004889621,,,,
TCGA-A8-A0AB,0.002159039,,,,
TCGA-AR-A0TQ,0.097058324,,,,
TCGA-B6-A0RG,-0.372996539,,,,
TCGA-B6-A0WW,-0.333890889,,,,
TCGA-BH-A0GY,-0.037147843,,,,
TCGA-AR-A24H,0.329994306,,,,
TCGA-E2-A14R,0.269912454,,,,
TCGA-AO-A0J5,-0.150502745,,,,
TCGA-A2-A0D1,-0.146308444,,,,
TCGA-B6-A0RN,-0.315231181,,,,
TCGA-AC-A6IX,-0.311636223,,,,
TCGA-AC-A3QQ,-0.399736411,,,,
TCGA-BH-A0E9,-0.33872878,,,,
TCGA-LD-A7W5,-0.340018053,,,,
TCGA-AR-A24V,0.188444876,,,,
TCGA-A8-A08C,-0.10820707,,,,
TCGA-AO-A1KT,0.138515688,,,,
TCGA-LL-A73Y,-0.253156735,,,,
TCGA-B6-A0RH,-0.103252061,,,,
TCGA-A7-A0DC,-0.306149454,,,,
TCGA-A8-A082,-0.052646476,,,,
TCGA-EW-A1J5,0.006775519,,,,
TCGA-BH-A0BC,0.269538487,,,,
TCGA-BH-A0HX,-0.108685047,,,,
TCGA-BH-A0HQ,-0.502669526,,,,
TCGA-A8-A08O,-0.280251909,,,,
TCGA-A7-A5ZX,-0.421484454,,,,
TCGA-A8-A08G,-0.197320238,,,,
TCGA-E9-A1N8,-0.051766083,,,,
TCGA-OL-A6VO,0.223705902,,,,
TCGA-A8-A07Z,-0.346850984,,,,
TCGA-BH-A18T,0.31703245,,,,
TCGA-A1-A0SI,0.066100349,,,,
TCGA-BH-A42T,-0.05419663,,,,
TCGA-AR-A0U2,0.179201238,,,,
TCGA-A2-A0SY,0.026368779,,,,
TCGA-E9-A1N4,0.318115602,,,,
TCGA-AC-A6IV,-0.245916438,,,,
TCGA-D8-A3Z5,-0.50291754,,,,
TCGA-BH-A1F8,0.337275853,,,,
TCGA-AN-A0FF,-0.264152538,,,,
TCGA-AR-A0TU,0.318110657,,,,
TCGA-A8-A08L,0.105059409,,,,
TCGA-A2-A1FX,0.011879333,,,,
TCGA-A8-A06N,-0.268151887,,,,
TCGA-A2-A0EN,-0.031658057,,,,
TCGA-MS-A51U,-0.496586877,,,,
TCGA-OL-A5D8,-0.427353361,,,,
TCGA-EW-A1P0,-0.177758558,,,,
TCGA-AO-A0JF,0.037624427,,,,
TCGA-BH-A0BF,0.047120932,,,,
TCGA-E2-A14Q,-0.332241183,,,,
TCGA-PL-A8LV,-0.175084419,,,,
TCGA-BH-A1F6,0.266275202,,,,
TCGA-AN-A03X,-0.238807483,,,,
TCGA-E2-A152,0.042155633,,,,
TCGA-A2-A0D0,0.292735213,,,,
TCGA-AR-A24P,0.197208241,,,,
TCGA-A8-A09G,0.099926972,,,,
TCGA-C8-A1HN,0.275748189,,,,
TCGA-AN-A0AR,0.064238924,,,,
TCGA-BH-A0DE,-0.194376396,,,,
TCGA-A8-A075,0.05044646,,,,
TCGA-A2-A4RW,-0.425015781,,,,
TCGA-A8-A076,0.059412482,,,,
TCGA-A1-A0SM,0.021008314,,,,
TCGA-B6-A408,-0.406489727,,,,
TCGA-AR-A5QM,-0.412352489,,,,
TCGA-BH-A0E1,0.049876284,,,,
TCGA-A2-A0ES,-0.216112877,,,,
TCGA-B6-A0RU,0.331688893,,,,
TCGA-E9-A249,-0.003510649,,,,
TCGA-D8-A1XZ,0.309837279,,,,
TCGA-A2-A0CX,0.195943828,,,,
TCGA-D8-A27W,0.234935644,,,,
TCGA-A2-A0YI,-0.090785336,,,,
TCGA-A1-A0SB,-0.196572681,,,,
TCGA-A2-A3KD,-0.293087598,,,,
TCGA-B6-A1KI,-0.212668183,,,,
TCGA-BH-A0DH,-0.171137089,,,,
TCGA-S3-A6ZG,-0.153148462,,,,
TCGA-AO-A0J6,0.300023434,,,,
TCGA-E9-A1RC,-0.008136474,,,,
TCGA-AC-A3W5,-0.254044425,,,,
TCGA-A2-A0ER,0.129811712,,,,
TCGA-EW-A1PA,-0.373938821,,,,
TCGA-A8-A07W,0.047636739,,,,
TCGA-AR-A24X,-0.060489734,,,,
TCGA-C8-A137,0.122062826,,,,
TCGA-A2-A0T3,0.028387858,,,,
TCGA-E2-A1B1,0.367430054,,,,
TCGA-BH-A0BS,0.087766431,,,,
TCGA-3C-AALJ,-0.40852,,,,
TCGA-D8-A1XJ,0.271259002,,,,
TCGA-E9-A1R3,-0.011696649,,,,
TCGA-A2-A0CO,-0.466686775,,,,
TCGA-EW-A2FR,0.24620205,,,,
TCGA-AN-A0XV,0.027632266,,,,
TCGA-AO-A0J4,0.280131598,,,,
TCGA-E2-A573,0.183925955,,,,
TCGA-E9-A1NF,-0.180436484,,,,
TCGA-PE-A5DE,-0.191213545,,,,
TCGA-BH-A18J,0.077028258,,,,
TCGA-A2-A0EX,-0.15301651,,,,
TCGA-EW-A1OY,-0.245658571,,,,
TCGA-EW-A2FV,0.136506758,,,,
TCGA-D8-A1XA,-0.381040346,,,,
TCGA-E9-A2JS,-0.073558017,,,,
TCGA-A7-A5ZW,-0.242763003,,,,
TCGA-D8-A13Z,0.343133093,,,,
TCGA-E2-A154,-0.204019453,,,,
TCGA-D8-A146,-0.280658456,,,,
TCGA-BH-A8G0,-0.409008921,,,,
TCGA-E2-A14T,-0.25949916,,,,
TCGA-D8-A143,0.264405508,,,,
TCGA-A7-A13G,-0.156399976,,,,
TCGA-A8-A07U,0.195101357,,,,
TCGA-AN-A03Y,0.060884115,,,,
TCGA-AQ-A04H,0.029523635,,,,
TCGA-OL-A97C,-0.292534087,,,,
TCGA-E9-A1NG,0.264608984,,,,
TCGA-C8-A12L,0.181362283,,,,
TCGA-AO-A03U,0.063060979,,,,
TCGA-AR-A0U4,0.299631386,,,,
TCGA-E9-A227,0.025707168,,,,
TCGA-E9-A22E,0.098626064,,,,
TCGA-BH-A0DQ,-0.197660728,,,,
TCGA-D8-A27I,-0.112147218,,,,
TCGA-AO-A12D,0.086861271,,,,
TCGA-E2-A2P5,-0.059205131,,,,
TCGA-A2-A0CW,0.117043481,,,,
TCGA-EW-A1P3,-0.403577766,,,,
TCGA-A2-A0T6,-0.094946012,,,,
TCGA-A2-A25B,0.322265707,,,,
TCGA-A8-A0A6,-0.092891395,,,,
TCGA-A2-A3XT,0.089700544,,,,
TCGA-AN-A0FZ,-0.204978683,,,,
TCGA-JL-A3YX,-0.246029853,,,,
TCGA-B6-A0IJ,0.32112964,,,,
TCGA-E2-A10E,0.077504607,,,,
TCGA-C8-A26Y,-0.231434572,,,,
TCGA-EW-A1J1,-0.168201979,,,,
TCGA-AR-A0TP,-0.068072727,,,,
TCGA-E2-A3DX,-0.316676278,,,,
TCGA-B6-A0WY,-0.199261994,,,,
TCGA-A8-A09R,0.112003528,,,,
TCGA-EW-A1PG,-0.186241266,,,,
TCGA-A7-A4SD,0.008824494,,,,
TCGA-BH-A0H0,-0.033158955,,,,
TCGA-AO-A03M,0.153973125,,,,
TCGA-A2-A4RX,-0.225022661,,,,
TCGA-D8-A1XB,-0.27552398,,,,
TCGA-EW-A1PB,0.243328125,,,,
TCGA-AQ-A1H2,-0.202589373,,,,
TCGA-D8-A27H,-0.133727816,,,,
TCGA-AC-A3W7,-0.442586755,,,,
TCGA-BH-A0H6,-0.373167005,,,,
TCGA-AN-A0XW,0.224153661,,,,
TCGA-E2-A15K,-0.185268649,,,,
TCGA-EW-A424,-0.369266815,,,,
TCGA-E9-A226,0.275906052,,,,
TCGA-A8-A07O,0.29935829,,,,
TCGA-AO-A1KS,0.298244223,,,,
TCGA-A8-A0A7,0.05900807,,,,
TCGA-D8-A27E,-0.156135475,,,,
TCGA-A2-A0T4,0.04498888,,,,
TCGA-A8-A099,0.128940848,,,,
TCGA-E2-A108,0.018178818,,,,
TCGA-C8-A133,-0.342548031,,,,
TCGA-E2-A14P,0.074384581,,,,
TCGA-D8-A1XD,-0.194575158,,,,
TCGA-B6-A0RP,-0.236108357,,,,
TCGA-EW-A1PH,0.289447855,,,,
TCGA-E2-A15L,0.142471518,,,,
TCGA-B6-A0IG,-0.215402465,,,,
TCGA-A8-A0A2,-0.128072559,,,,
TCGA-B6-A0IH,-0.335396008,,,,
TCGA-BH-A1FH,-0.126599254,,,,
TCGA-AR-A2LR,0.220686343,,,,
TCGA-LD-A9QF,-0.154512956,,,,
TCGA-BH-A1FM,0.303914395,,,,
TCGA-AO-A128,0.227432477,,,,
TCGA-BH-A18F,0.102956216,,,,
TCGA-D8-A1XV,-0.21664365,,,,
TCGA-EW-A1OZ,0.132549718,,,,
TCGA-BH-A0W3,-0.179597564,,,,
TCGA-BH-A1EN,0.070812765,,,,
TCGA-EW-A1IW,0.184524844,,,,
TCGA-A2-A3XY,0.09800723,,,,
TCGA-BH-A1EV,-0.011535128,,,,
TCGA-A7-A0D9,-0.35029291,,,,
TCGA-AC-A3EH,-0.33918841,,,,
TCGA-AN-A04A,-0.000517519,,,,
TCGA-Z7-A8R6,-0.071684991,,,,
TCGA-AO-A129,0.17435189,,,,
TCGA-AR-A1AI,0.379699275,,,,
TCGA-E9-A1N9,0.269998218,,,,
TCGA-AN-A0FN,0.136372563,,,,
TCGA-B6-A0RI,-0.091008777,,,,
TCGA-E2-A1IO,-0.38182536,,,,
TCGA-AR-A0TV,-0.04357766,,,,
TCGA-D8-A27M,0.09163194,,,,
TCGA-BH-A0BL,0.365299461,,,,
TCGA-EW-A1P6,-0.332238827,,,,
TCGA-AN-A0XU,0.348927909,,,,
TCGA-AR-A1AP,-0.339880062,,,,
TCGA-A2-A0YJ,0.112141696,,,,
TCGA-A7-A426,-0.459068268,,,,
TCGA-AR-A1AT,0.065414134,,,,
TCGA-E2-A1IN,0.118942807,,,,
TCGA-BH-A0AV,0.353033219,,,,
TCGA-LD-A74U,-0.325560304,,,,
TCGA-D8-A1X8,0.145720109,,,,
TCGA-AN-A0FD,-0.092488912,,,,
TCGA-BH-A0E0,-0.136570618,,,,
TCGA-BH-A18N,-0.278432256,,,,
TCGA-A2-A0CU,-0.265795602,,,,
TCGA-EW-A1IY,0.398001313,,,,
TCGA-E9-A2JT,-0.226838838,,,,
TCGA-AC-A2BK,0.194908795,,,,
TCGA-E2-A15D,-0.411068828,,,,
TCGA-BH-A6R9,0.095571324,,,,
TCGA-A2-A0D2,0.358561889,,,,
TCGA-AC-A62X,0.034289149,,,,
TCGA-A8-A09C,-0.17504843,,,,
TCGA-BH-A0BV,-0.100602436,,,,
TCGA-BH-A0W7,0.049822887,,,,
TCGA-B6-A0IB,-0.355850643,,,,
TCGA-E2-A1L6,-0.18031991,,,,
TCGA-AN-A0G0,0.312589495,,,,
TCGA-C8-A26X,0.149774081,,,,
TCGA-BH-A0H7,-0.020776712,,,,
TCGA-A7-A3IY,0.087049752,,,,
TCGA-AR-A2LH,-0.166098994,,,,
TCGA-E2-A107,-0.307145755,,,,
TCGA-E9-A244,0.229223645,,,,
TCGA-AR-A5QN,-0.228098596,,,,
TCGA-AC-A6IW,0.274386855,,,,
TCGA-GI-A2C9,0.070704556,,,,
TCGA-A8-A06R,0.145073356,,,,
TCGA-W8-A86G,-0.534399202,,,,
TCGA-GM-A3XN,-0.373441878,,,,
TCGA-4H-AAAK,-0.250987213,,,,
TCGA-EW-A3U0,0.08602831,,,,
TCGA-AC-A2FO,-0.236102298,,,,
TCGA-E2-A1IG,-0.25509121,,,,
TCGA-S3-AA12,-0.38157515,,,,
TCGA-B6-A0WV,-0.131060895,,,,
TCGA-A7-A4SF,-0.397052591,,,,
TCGA-D8-A1XY,-0.159734119,,,,
TCGA-A7-A13D,0.10935773,,,,
TCGA-A1-A0SF,-0.328452911,,,,
TCGA-E2-A1IU,-0.402903124,,,,
TCGA-E2-A158,-0.052788159,,,,
TCGA-E2-A14V,0.11286838,,,,
TCGA-AC-A3OD,0.13558891,,,,
TCGA-AR-A0TY,0.113382813,,,,
TCGA-AR-A24W,-0.302121438,,,,
TCGA-E2-A15T,-0.052700883,,,,
TCGA-A7-A425,-0.409600489,,,,
TCGA-AQ-A0Y5,0.111900829,,,,
TCGA-AC-A8OQ,-0.180405597,,,,
TCGA-BH-A0BR,-0.075305653,,,,
TCGA-BH-A0HI,-0.110612106,,,,
TCGA-GM-A2DM,-0.276549413,,,,
TCGA-A2-A1G0,-0.295426129,,,,
TCGA-AQ-A04J,0.366092847,,,,
TCGA-AN-A0AK,0.246648688,,,,
TCGA-A8-A06O,-0.052465746,,,,
TCGA-D8-A1XG,-0.374859669,,,,
TCGA-B6-A402,-0.098674725,,,,
TCGA-GM-A2DI,-0.224742559,,,,
TCGA-EW-A1IX,-0.323125067,,,,
TCGA-A8-A095,0.301776609,,,,
TCGA-A8-A06Z,-0.106453998,,,,
TCGA-A1-A0SD,-0.221956185,,,,
TCGA-A7-A0CG,0.141739917,,,,
TCGA-A2-A25E,0.21248767,,,,
TCGA-A7-A13F,0.096289542,,,,
TCGA-A8-A07C,0.419988216,,,,
TCGA-D8-A1JH,0.023273238,,,,
TCGA-A2-A04N,-0.340945299,,,,
TCGA-LL-A442,-0.097117205,,,,
TCGA-C8-A130,0.022709031,,,,
TCGA-JL-A3YW,0.039774211,,,,
TCGA-BH-A0AY,0.093707891,,,,
TCGA-A2-A0EY,-0.288261189,,,,
TCGA-AQ-A7U7,-0.237385058,,,,
TCGA-BH-A208,0.091367196,,,,
TCGA-OL-A5RY,-0.064985821,,,,
TCGA-B6-A40B,-0.32913618,,,,
TCGA-BH-A42V,-0.356432831,,,,
TCGA-E2-A105,-0.178728684,,,,
TCGA-BH-A0BZ,0.135773513,,,,
TCGA-AC-A2FK,-0.418670175,,,,
TCGA-A8-A06P,-0.159101508,,,,
TCGA-B6-A0IP,-0.154502389,,,,
TCGA-D8-A27F,0.309734206,,,,
TCGA-AN-A0FX,0.0571179,,,,
TCGA-PE-A5DD,-0.354643511,,,,
TCGA-AN-A0XN,0.232388734,,,,
TCGA-E9-A1NA,0.084745322,,,,
TCGA-AC-A2FB,-0.146177016,,,,
TCGA-LL-A73Z,-0.072925325,,,,
TCGA-A7-A26F,0.259208965,,,,
TCGA-AC-A23E,0.301504291,,,,
TCGA-A2-A1FW,-0.00702915,,,,
TCGA-EW-A6SC,-0.174581518,,,,
TCGA-AR-A5QP,-0.345140583,,,,
TCGA-D8-A1XC,-0.372639339,,,,
TCGA-EW-A1P5,-0.143821719,,,,
TCGA-BH-A0RX,0.241362627,,,,
TCGA-A7-A13E,0.063650719,,,,
TCGA-A2-A0T5,-0.138215243,,,,
TCGA-C8-A273,-0.140332454,,,,
TCGA-AR-A1AV,-0.080542951,,,,
TCGA-A7-A6VX,-0.365187296,,,,
TCGA-AR-A24N,0.144161274,,,,
TCGA-AN-A0FS,-0.129106606,,,,
TCGA-C8-A8HP,-0.238615401,,,,
TCGA-C8-A278,0.364183573,,,,
TCGA-EW-A1P8,0.378638774,,,,
TCGA-AR-A1AL,-0.079496245,,,,
TCGA-A2-A0SV,0.215721589,,,,
TCGA-A8-A084,-0.131605231,,,,
TCGA-D8-A1JK,-0.021650231,,,,
TCGA-E2-A1LL,0.058368148,,,,
TCGA-A8-A09V,-0.243436221,,,,
TCGA-EW-A1OV,0.004892197,,,,
TCGA-B6-A0IO,-0.186240453,,,,
TCGA-A2-A25A,0.247556922,,,,
TCGA-E2-A1IK,-0.31748215,,,,
TCGA-B6-A0RL,-0.206974593,,,,
TCGA-A2-A0CV,-0.223160341,,,,
TCGA-B6-A0X7,-0.282718294,,,,
TCGA-BH-A1FR,-0.334579127,,,,
TCGA-E9-A1R7,0.044840978,,,,
TCGA-E9-A24A,0.183152265,,,,
TCGA-D8-A1JS,-0.24271022,,,,
TCGA-BH-A0AZ,-0.184935728,,,,
TCGA-BH-A0DK,0.034727244,,,,
TCGA-5L-AAT0,-0.425583965,,,,
TCGA-D8-A1JP,-0.063799191,,,,
TCGA-BH-A1FG,-0.258136991,,,,
TCGA-AC-A7VC,0.081319504,,,,
TCGA-D8-A1X6,0.066302384,,,,
TCGA-D8-A1JD,0.365487867,,,,
TCGA-B6-A1KF,0.14422929,,,,
TCGA-A2-A0YF,0.11541765,,,,
TCGA-B6-A0RS,0.197472742,,,,
TCGA-BH-A0HL,-0.28071021,,,,
TCGA-E2-A15R,-0.116396608,,,,
TCGA-C8-A3M8,-0.229284688,,,,
TCGA-C8-A26W,0.191249431,,,,
TCGA-AN-A0XT,-0.353296818,,,,
TCGA-BH-A1EW,0.170328941,,,,
TCGA-AQ-A1H3,-0.091447361,,,,
TCGA-C8-A1HI,-0.057405625,,,,
TCGA-BH-A0H3,0.011883245,,,,
TCGA-A8-A07B,-0.157480664,,,,
TCGA-BH-A0B8,-0.165148669,,,,
TCGA-E9-A248,0.376975049,,,,
TCGA-AC-A23G,-0.2591046,,,,
TCGA-E9-A243,0.426023454,,,,
TCGA-AO-A0JA,0.114893106,,,,
TCGA-D8-A147,0.288637355,,,,
TCGA-B6-A0RO,-0.266763457,,,,
TCGA-A2-A0YG,0.264344817,,,,
TCGA-E9-A1RF,0.022026238,,,,
TCGA-B6-A0X0,-0.414014733,,,,
TCGA-C8-A275,0.282817414,,,,
TCGA-BH-A18S,-0.18277633,,,,
TCGA-AR-A0U3,-0.043854537,,,,
TCGA-A7-A0CE,0.200315475,,,,
TCGA-BH-A1FE,0.407243123,,,,
TCGA-EW-A1PE,-0.109572699,,,,
TCGA-AR-A24T,0.0877284,,,,
TCGA-GM-A2DH,0.311686364,,,,
TCGA-B6-A0IM,-0.006281397,,,,
TCGA-BH-A0BP,-0.466661297,,,,
TCGA-AO-A12E,-0.141370141,,,,
TCGA-E2-A153,-0.321061095,,,,
TCGA-B6-A0WX,-0.080431815,,,,
TCGA-EW-A1OW,0.296807658,,,,
TCGA-AR-A24K,0.16683088,,,,
TCGA-A2-A0D4,-0.072709851,,,,
TCGA-BH-A0B4,-0.287287833,,,,
TCGA-BH-A0W5,-0.200106288,,,,
TCGA-BH-A0E2,-0.042708921,,,,
TCGA-A7-A4SB,-0.449020574,,,,
TCGA-E9-A1N6,0.170593966,,,,
TCGA-BH-A0BQ,-0.33074891,,,,
TCGA-AR-A250,0.25257611,,,,
TCGA-AR-A251,0.391482099,,,,
TCGA-A8-A09M,-0.143769628,,,,
TCGA-E2-A159,0.318656068,,,,
TCGA-A2-A0CL,0.102755875,,,,
TCGA-BH-A18H,-0.273677845,,,,
TCGA-EW-A6S9,-0.264412545,,,,
TCGA-E9-A22H,0.337797685,,,,
TCGA-AC-A2FG,-0.289432181,,,,
TCGA-A2-A04Q,0.103701626,,,,
TCGA-C8-A1HF,0.389414918,,,,
TCGA-AO-A0JE,0.148899556,,,,
TCGA-A8-A09K,-0.343589224,,,,
TCGA-A2-A4RY,-0.493053409,,,,
TCGA-BH-A0DI,-0.20439938,,,,
TCGA-OL-A66I,0.219039023,,,,
TCGA-A8-A09Q,0.298353731,,,,
TCGA-E2-A1IE,-0.063605096,,,,
TCGA-C8-A26Z,-0.245113326,,,,
TCGA-A2-A0YM,0.312308594,,,,
TCGA-BH-A0C0,0.075840166,,,,
TCGA-A2-A0YH,0.180506786,,,,
TCGA-E2-A15C,-0.321930645,,,,
TCGA-A2-A0EU,-0.205624367,,,,
TCGA-D8-A1JM,0.207401669,,,,
TCGA-D8-A1J8,0.453272639,,,,
TCGA-A2-A0EP,-0.170642229,,,,
TCGA-D8-A1XR,-0.022079246,,,,
TCGA-BH-A204,0.382767836,,,,
TCGA-E9-A1RG,-0.356315118,,,,
TCGA-D8-A27K,-0.147742975,,,,
TCGA-B6-A0X5,-0.065816292,,,,
TCGA-E9-A5UO,-0.320440727,,,,
TCGA-AR-A24O,0.227399308,,,,
TCGA-EW-A1P4,0.366055202,,,,
TCGA-A2-A3XZ,-0.237191836,,,,
TCGA-E2-A10B,-0.014730549,,,,
TCGA-AN-A0AM,0.169665536,,,,
TCGA-A2-A4S2,-0.41749369,,,,
TCGA-B6-A2IU,-0.455567603,,,,
TCGA-A7-A0CH,-0.322744306,,,,
TCGA-E9-A22G,0.220462491,,,,
TCGA-E2-A15O,-0.300653566,,,,
TCGA-S3-A6ZF,-0.011403689,,,,
TCGA-E2-A1IJ,-0.434239824,,,,
TCGA-A8-A07J,-0.189596487,,,,
TCGA-E9-A1RE,-0.155541635,,,,
TCGA-A8-A08A,-0.342346799,,,,
TCGA-AR-A255,0.282162595,,,,
TCGA-A2-A0CP,-0.48140914,,,,
TCGA-AO-A12C,-0.312191659,,,,
TCGA-A2-A0CT,-0.043256614,,,,
TCGA-A2-A25D,0.132640441,,,,
TCGA-LL-A5YO,-0.078444821,,,,
TCGA-A8-A09I,0.415602696,,,,
TCGA-AR-A24Q,0.293922428,,,,
TCGA-D8-A1XQ,0.258406842,,,,
TCGA-AN-A0AS,-0.087458751,,,,
TCGA-D8-A27G,0.225851064,,,,
TCGA-AR-A1AX,-0.000121763,,,,
TCGA-BH-A18V,0.382465818,,,,
TCGA-AR-A0TT,0.074297103,,,,
TCGA-BH-A18M,0.038827248,,,,
TCGA-A7-A26E,0.266785162,,,,
TCGA-AR-A24U,0.284530477,,,,
TCGA-AR-A1AH,0.237951419,,,,
TCGA-A8-A07L,0.123333504,,,,
TCGA-BH-A18L,-0.05390865,,,,
TCGA-E2-A1LE,-0.039276619,,,,
TCGA-A7-A26H,0.157993137,,,,
TCGA-C8-A8HR,-0.222263358,,,,
TCGA-OL-A66J,-0.371993946,,,,
TCGA-AC-A8OS,-0.429898709,,,,
TCGA-BH-A1EU,0.136766736,,,,
TCGA-S3-AA15,-0.116681528,,,,
TCGA-B6-A1KN,0.267067908,,,,
TCGA-A8-A08F,0.147675511,,,,
TCGA-A8-A06T,0.046934311,,,,
TCGA-AR-A2LK,0.217437695,,,,
TCGA-LL-A441,-0.263458793,,,,
TCGA-AR-A0U0,0.342500517,,,,
TCGA-D8-A1XF,0.014309581,,,,
TCGA-A8-A09E,-0.143332745,,,,
TCGA-A7-A26J,0.209680469,,,,
TCGA-A8-A08I,0.0791296,,,,
TCGA-5T-A9QA,-0.3284469,,,,
TCGA-AO-A0JM,0.090762788,,,,
TCGA-E2-A1LG,0.268814915,,,,
TCGA-AO-A0JC,-0.079140136,,,,
TCGA-B6-A401,-0.462699169,,,,
TCGA-LL-A7T0,-0.308004329,,,,
TCGA-AR-A1AN,-0.092787917,,,,
TCGA-C8-A26V,0.197566961,,,,
TCGA-A2-A0EM,-0.037253943,,,,
TCGA-BH-A0B7,0.058951455,,,,
TCGA-A7-A5ZV,-0.159178511,,,,
TCGA-OL-A6VR,-0.445164074,,,,
TCGA-BH-A0H9,-0.172598763,,,,
TCGA-C8-A12X,-0.36624155,,,,
TCGA-E2-A1LB,-0.137682834,,,,
TCGA-D8-A140,-0.236553936,,,,
TCGA-C8-A3M7,-0.080586811,,,,
TCGA-E2-A15E,-0.39107415,,,,
TCGA-A2-A0EV,0.073482859,,,,
TCGA-E9-A1RD,0.225766431,,,,
TCGA-D8-A27P,-0.405104612,,,,
TCGA-C8-A12T,0.151753542,,,,
TCGA-S3-A6ZH,-0.190138279,,,,
TCGA-OL-A5RZ,-0.32250669,,,,
TCGA-S3-AA11,-0.462590653,,,,
TCGA-A2-A3XX,-0.159097162,,,,
TCGA-AR-A2LE,-0.314144994,,,,
TCGA-A2-A0SW,0.045566513,,,,
TCGA-AR-A256,0.376108206,,,,
TCGA-BH-A6R8,-0.377169995,,,,
TCGA-A8-A06Y,-0.254341874,,,,
TCGA-AC-A2FE,-0.037364069,,,,
TCGA-AR-A1AQ,0.304381877,,,,
TCGA-D8-A1Y1,0.247729476,,,,
TCGA-EW-A1PD,0.046990002,,,,
TCGA-BH-A0HW,-0.170843675,,,,
TCGA-GI-A2C8,-0.304409954,,,,
TCGA-A8-A09D,-0.016133321,,,,
TCGA-C8-A12V,0.182724871,,,,
TCGA-AO-A12G,-0.033015609,,,,
TCGA-BH-A1F2,0.307818198,,,,
TCGA-AR-A1AO,0.172337274,,,,
TCGA-D8-A1X9,0.304590583,,,,
TCGA-E2-A15J,-0.18457307,,,,
TCGA-AC-A23C,0.228660083,,,,
TCGA-E9-A1QZ,0.105295905,,,,
TCGA-BH-A0HP,0.051382382,,,,
TCGA-A2-A0EQ,0.121722342,,,,
TCGA-AR-A1AM,-0.434323884,,,,
TCGA-E9-A1NH,-0.251155907,,,,
TCGA-A8-A07R,0.267928557,,,,
TCGA-A2-A3Y0,0.111773601,,,,
TCGA-GM-A2DF,-0.016977007,,,,
TCGA-E2-A150,0.281517652,,,,
TCGA-A8-A06Q,0.228212942,,,,
TCGA-A8-A09B,-0.342033208,,,,
TCGA-HN-A2OB,-0.464814287,,,,
TCGA-AN-A0AJ,0.362573023,,,,
TCGA-A7-A3J1,-0.288691051,,,,
TCGA-E2-A106,-0.375920169,,,,
TCGA-PL-A8LX,-0.42862112,,,,
TCGA-C8-A12O,0.153258396,,,,
TCGA-C8-A1HK,0.220827822,,,,
TCGA-B6-A0IK,-0.174149333,,,,
TCGA-BH-A0BD,0.138716561,,,,
TCGA-D8-A1XU,-0.019557948,,,,
TCGA-E2-A15G,-0.436318488,,,,
TCGA-D8-A1JB,-0.260837978,,,,
TCGA-EW-A1J2,-0.152698389,,,,
TCGA-A2-A0ET,-0.081685553,,,,
TCGA-A2-A3XW,-0.442835193,,,,
TCGA-D8-A27R,0.096625576,,,,
TCGA-AO-A1KO,-0.210524548,,,,
TCGA-EW-A6SD,-0.066704356,,,,
TCGA-BH-A18P,0.268582687,,,,
TCGA-A8-A08R,0.285881308,,,,
TCGA-AO-A0JD,0.454966273,,,,
TCGA-AR-A2LL,-0.15760748,,,,
TCGA-D8-A27V,0.154974137,,,,
TCGA-BH-A0BO,-0.138461202,,,,
TCGA-BH-A0DV,-0.098891204,,,,
TCGA-A8-A08Z,0.203006684,,,,
TCGA-D8-A13Y,-0.020022733,,,,
TCGA-BH-A0C3,-0.115889794,,,,
TCGA-D8-A145,-0.304977471,,,,
TCGA-A2-A1G1,0.423696754,,,,
TCGA-A1-A0SP,0.308619805,,,,
TCGA-E9-A1RI,0.032355639,,,,
TCGA-AN-A04D,0.067854255,,,,
TCGA-A8-A0AD,0.043354205,,,,
TCGA-A2-A0YK,-0.180269724,,,,
TCGA-AN-A0FV,-0.186049819,,,,
TCGA-A2-A25F,0.457803517,,,,
TCGA-A8-A07E,0.356406512,,,,
TCGA-A8-A079,-0.053489969,,,,
TCGA-BH-A0E7,-0.186174742,,,,
TCGA-A1-A0SQ,-0.28648783,,,,
TCGA-BH-A1ES,-0.307209367,,,,
TCGA-A7-A0CJ,0.182684261,,,,
TCGA-D8-A73U,-0.339923127,,,,
TCGA-BH-A1FC,0.334398883,,,,
TCGA-A2-A04V,-0.026527468,,,,
TCGA-BH-A0HY,0.059281041,,,,
TCGA-A8-A08H,0.344112171,,,,
TCGA-AR-A2LQ,-0.229858482,,,,
TCGA-HN-A2NL,0.219910556,,,,
TCGA-A2-A0CM,0.265238144,,,,
TCGA-A8-A083,-0.250867224,,,,
TCGA-BH-A0DG,-0.298202836,,,,
TCGA-A7-A4SC,-0.473030929,,,,
TCGA-S3-AA10,0.222711366,,,,
TCGA-BH-A0DT,-0.305864044,,,,
TCGA-AO-A12B,-0.295139908,,,,
TCGA-E2-A10F,0.037133217,,,,
TCGA-A2-A1FV,-0.037383066,,,,
TCGA-EW-A1OX,-0.366829353,,,,
TCGA-B6-A0WZ,-0.234489416,,,,
TCGA-B6-A0I6,0.070253954,,,,
TCGA-E9-A245,-0.466469495,,,,
TCGA-C8-A12N,-0.284715368,,,,
TCGA-BH-A0HU,0.015596741,,,,
TCGA-BH-A0B1,0.073915726,,,,
TCGA-D8-A1JC,0.20638787,,,,
TCGA-E2-A15H,-0.340728812,,,,
TCGA-BH-A0C1,0.264303015,,,,
TCGA-E2-A14Y,0.232806078,,,,
TCGA-A2-A0YD,-0.185345812,,,,
TCGA-E2-A10A,0.154149047,,,,
TCGA-AO-A0JG,-0.147624821,,,,
TCGA-D8-A27L,-0.131751054,,,,
TCGA-BH-A18Q,0.077691027,,,,
TCGA-OL-A6VQ,-0.482997808,,,,
TCGA-E9-A1R2,-0.293858335,,,,
TCGA-A2-A04T,0.310700759,,,,
TCGA-BH-A18U,0.286178518,,,,
TCGA-AN-A0XP,-0.189944454,,,,
TCGA-BH-A1FU,0.261416338,,,,
TCGA-A8-A097,0.207755206,,,,
TCGA-GM-A2DL,0.022662838,,,,
TCGA-LD-A7W6,-0.348241108,,,,
TCGA-AC-A2BM,-0.071616294,,,,
TCGA-EW-A3E8,-0.354898781,,,,
TCGA-BH-A0DS,-0.386726009,,,,
TCGA-A2-A3XS,-0.114449179,,,,
TCGA-A8-A0A1,-0.082183454,,,,
TCGA-BH-A8FZ,-0.263293828,,,,
TCGA-BH-A0B6,-0.17829484,,,,
TCGA-BH-A0HK,-0.108251152,,,,
TCGA-BH-A0B3,0.330162392,,,,
TCGA-BH-A0C7,0.206194217,,,,
TCGA-A7-A0DA,-0.075130372,,,,
TCGA-B6-A0IQ,0.193268725,,,,
TCGA-AN-A0FW,-0.139926884,,,,
TCGA-BH-A1EY,-0.256898083,,,,
TCGA-BH-A0BA,-0.242858366,,,,
TCGA-AC-A2FM,-0.350890382,,,,
TCGA-AO-A12F,0.18656971,,,,
TCGA-AR-A0TS,0.209286038,,,,
TCGA-A1-A0SJ,-0.070595162,,,,
TCGA-E9-A3QA,0.081344132,,,,
TCGA-S3-AA14,-0.442685498,,,,
TCGA-BH-A0B5,0.028526631,,,,
TCGA-A8-A096,0.351814241,,,,
TCGA-EW-A6SA,-0.1322288,,,,
TCGA-E2-A15S,-0.030596599,,,,
TCGA-AC-A8OP,-0.494109896,,,,
TCGA-A2-A25C,0.374336553,,,,
TCGA-AN-A0FK,-0.095851156,,,,
TCGA-AN-A049,-0.221646712,,,,
TCGA-D8-A27T,0.048606347,,,,
TCGA-D8-A73X,-0.390983835,,,,
TCGA-C8-A132,-0.003024653,,,,
TCGA-E9-A229,0.263743044,,,,
TCGA-A8-A08P,0.244870597,,,,
TCGA-A8-A09W,0.199999789,,,,
TCGA-E2-A14U,-0.506396506,,,,
TCGA-D8-A1XM,0.243396905,,,,